,cleaned_name,LHIN,home_type,number_beds,long,lati,status,outbreak
0,AFTON PARK PLACE LONG TERM CARE COMMUNITY,Erie St. Clair,For-Profit,128,-82.36144406,42.97632532,Inactive,Yes
1,"ALBRIGHT GARDENS HOMES, INCORPORATED",Hamilton Niagara Haldimand Brant (Hnhb),Non-Profit,231,-79.47659767,43.15187669,Inactive,Yes
2,ALEXANDER PLACE,Hamilton Niagara Haldimand Brant (Hnhb),For-Profit,128,-79.90081952,43.34234541,Inactive,Yes
3,ALGOMA MANOR NURSING HOME,North East,Non-Profit,96,-83.56324898,46.263461799999995,No Outbreak,No
4,ALGONQUIN NURSING HOME,North East,Non-Profit,73,-78.71984132,46.31349257,No Outbreak,No
5,ALLENDALE,Mississauga Halton,Municipal,200,-79.87240973,43.51655054,Inactive,Yes
6,ALMONTE COUNTRY HAVEN,Champlain,For-Profit,82,-76.19075728,45.2188403,Inactive,Yes
7,ALTAMONT CARE COMMUNITY,Central East,For-Profit,159,-79.14005432,43.79854962,Inactive,Yes
8,ANSON PLACE CARE CENTRE,Hamilton Niagara Haldimand Brant (Hnhb),For-Profit,61,-80.04801284,42.96738873,Inactive,Yes
9,ARBOUR CREEK LONG-TERM CARE CENTRE,Hamilton Niagara Haldimand Brant (Hnhb),For-Profit,129,-79.77670807,43.22141329,Inactive,Yes
10,ARBOUR HEIGHTS,South East,For-Profit,174,-76.55865852,44.23937071,No Outbreak,No
11,ATIKOKAN GENERAL HOSPITAL,North West,Non-Profit,26,-91.59760899999999,48.754155,No Outbreak,No
12,AU CHATEAU,North East,Municipal,162,-79.92058532,46.37203452,No Outbreak,No
13,AVALON RETIREMENT CENTRE,Central West,For-Profit,137,-80.11650514,43.9169995,Inactive,Yes
14,BABCOCK COMMUNITY CARE CENTRE,South West,For-Profit,60,-81.75796234,42.658399700000004,No Outbreak,No
15,BANWELL GARDENS CARE CENTRE,Erie St. Clair,For-Profit,142,-82.89979807,42.31060008,Inactive,Yes
16,BARNSWALLOW PLACE CARE COMMUNITY,Waterloo Wellington,For-Profit,96,-80.57796106,43.59297082,No Outbreak,No
17,BAY HAVEN NURSING HOME,North Simcoe Muskoka,For-Profit,60,-80.19803202,44.49946329,No Outbreak,No
18,BAY RIDGES,Central East,For-Profit,124,-79.0771309,43.82847003,Inactive,Yes
19,BAYFIELD MANOR,Champlain,For-Profit,66,-75.65323739,45.01874519,No Outbreak,No
20,BAYWOODS PLACE,Hamilton Niagara Haldimand Brant (Hnhb),For-Profit,128,-79.85694240000002,43.25176169,No Outbreak,No
21,BELLA SENIOR CARE RESIDENCES INC.,Hamilton Niagara Haldimand Brant (Hnhb),For-Profit,161,-79.04543772,43.05084229,No Outbreak,No
22,BELMONT HOUSE,Toronto Central,Non-Profit,140,-79.39106979,43.67461349,Inactive,Yes
23,BELMONT LONG TERM CARE FACILITY,South East,For-Profit,128,-77.40393509,44.16007616,Inactive,Yes
24,BELVEDERE HEIGHTS,North East,Municipal,101,-80.03862375,45.34272524,Active,Yes
25,BENDALE ACRES,Central East,Municipal,302,-79.25183955,43.75493801,Inactive,Yes
26,BENNETT HEALTH CARE CENTRE,Mississauga Halton,Non-Profit,66,-79.93394806,43.64477486,Inactive,Yes
27,BERKSHIRE CARE CENTRE,Erie St. Clair,For-Profit,231,-83.04161991,42.31631637,Inactive,Yes
28,BETHAMMI NURSING HOME,North West,Non-Profit,110,-89.24131667,48.44135877,No Outbreak,No
29,BETHANY LODGE,Central,Non-Profit,128,-79.30139068,43.86204073,Inactive,Yes
30,BILLINGS COURT MANOR,Hamilton Niagara Haldimand Brant (Hnhb),For-Profit,160,-79.78777539,43.36439192,No Outbreak,No
31,BIRCHWOOD TERRACE,North West,For-Profit,96,-94.50497800000001,49.76559284,No Outbreak,No
32,BLACKADAR CONTINUING CARE CENTRE,Hamilton Niagara Haldimand Brant (Hnhb),For-Profit,80,-79.96830854,43.26120069,Inactive,Yes
33,BLENHEIM COMMUNITY VILLAGE,Erie St. Clair,For-Profit,65,-81.98799919,42.33971663,No Outbreak,No
34,BLOOMINGTON COVE CARE COMMUNITY,Central,For-Profit,112,-79.26290138,44.00278365,No Outbreak,No
35,BLUE WATER REST HOME,South West,Non-Profit,65,-81.63774028,43.41978964,Inactive,Yes
36,BOB RUMBALL HOME FOR THE DEAF,North Simcoe Muskoka,Non-Profit,64,-79.62310322,44.3641363,No Outbreak,No
37,BOBIER VILLA,South West,Municipal,57,-81.51387127,42.66709281,No Outbreak,No
38,BON AIR LONG TERM CARE RESIDENCE,Central East,For-Profit,57,-79.03751134,44.34590892,No Outbreak,No
39,BONNECHERE MANOR,Champlain,Municipal,180,-76.70256458,45.48345932,Inactive,Yes
40,BRADFORD VALLEY CARE COMMUNITY,Central,For-Profit,246,-79.57244678,44.09967975,Inactive,Yes
41,BRAEMAR RETIREMENT CENTRE,South West,For-Profit,69,-81.30031372,43.90065854,Inactive,Yes
42,BRIERWOOD GARDENS,Hamilton Niagara Haldimand Brant (Hnhb),For-Profit,79,-80.24747732,43.17853986,No Outbreak,No
43,BROADVIEW NURSING CENTRE,South East,For-Profit,75,-76.02083780000002,44.88786035,No Outbreak,No
44,BROUILLETTE MANOR,Erie St. Clair,For-Profit,60,-82.8920717,42.3064019,No Outbreak,No
45,BRUCELEA HAVEN LONG TERM CARE HOME - CORPORATION OF THE COUNTY OF BRUCE,South West,Municipal,144,-81.15427199,44.12121858,Inactive,Yes
46,BURLOAK,Hamilton Niagara Haldimand Brant (Hnhb),For-Profit,144,-79.73937757,43.38147032,No Outbreak,No
47,BURNBRAE GARDENS LONG TERM CARE RESIDENCE,Central East,For-Profit,43,-77.84842135,44.28480207,No Outbreak,No
48,BURTON MANOR,Central West,For-Profit,128,-79.77341911,43.66143557,Inactive,Yes
49,CAMA WOODLANDS NURSING HOME,Hamilton Niagara Haldimand Brant (Hnhb),Non-Profit,134,-79.86719201,43.3099325,Inactive,Yes
50,CAMBRIDGE COUNTRY MANOR,Waterloo Wellington,For-Profit,80,-80.35775290000002,43.4552726,No Outbreak,No
51,CAMILLA CARE COMMUNITY,Mississauga Halton,For-Profit,236,-79.60700205,43.57311436,Active,Yes
52,CAREFREE LODGE,Central,Municipal,127,-79.3941154,43.78501831,Inactive,Yes
53,CARESSANT CARE ARTHUR NURSING HOME,Waterloo Wellington,For-Profit,80,-80.53012776,43.83174956,No Outbreak,No
54,CARESSANT CARE BOURGET,Champlain,For-Profit,60,-75.15507656,45.43608988,No Outbreak,No
55,CARESSANT CARE COBDEN,Champlain,For-Profit,64,-76.88767295,45.62876664,No Outbreak,No
56,CARESSANT CARE COURTLAND,South West,For-Profit,55,-80.63239781,42.83110128,Inactive,Yes
57,CARESSANT CARE FERGUS NURSING HOME,Waterloo Wellington,For-Profit,87,-80.36985870000002,43.70904655,Inactive,Yes
58,CARESSANT CARE HARRISTON,Waterloo Wellington,For-Profit,92,-80.87806388,43.91461596,No Outbreak,No
59,CARESSANT CARE LINDSAY NURSING HOME,Central East,For-Profit,124,-78.75034644,44.34327843,Inactive,Yes
60,CARESSANT CARE LISTOWEL NURSING HOME,South West,For-Profit,52,-80.95335159,43.72273922,No Outbreak,No
61,CARESSANT CARE MARMORA,South East,For-Profit,84,-77.67733231,44.48072361,No Outbreak,No
62,CARESSANT CARE ON BONNIE PLACE,South West,For-Profit,116,-81.16165267,42.77305945,Inactive,Yes
63,CARESSANT CARE ON MARY BUCKE,South West,For-Profit,60,-81.16897487,42.76681534,No Outbreak,No
64,CARESSANT CARE ON MCLAUGHLIN ROAD,Central East,For-Profit,96,-78.7610205,44.344764700000006,No Outbreak,No
65,CARESSANT CARE WOODSTOCK NURSING HOME,South West,For-Profit,163,-80.74298547,43.12334673,No Outbreak,No
66,CARLETON LODGE,Champlain,Municipal,161,-75.70705903,45.26559733,No Outbreak,No
67,CARLINGVIEW MANOR,Champlain,For-Profit,303,-75.77672586,45.36711344,Inactive,Yes
68,CARVETH CARE CENTRE,South East,For-Profit,104,-76.1592067,44.33633895,No Outbreak,No
69,CASE MANOR CARE COMMUNITY,Central East,For-Profit,96,-78.54103519,44.54008478,Inactive,Yes
70,CASSELLHOLME,North East,Municipal,240,-79.44608166,46.31926603,Inactive,Yes
71,CASTLEVIEW WYCHWOOD TOWERS,Toronto Central,Municipal,456,-79.42178559999998,43.67317759,Inactive,Yes
72,CAWTHRA GARDENS,Mississauga Halton,For-Profit,192,-79.60362445,43.59302306,Inactive,Yes
73,CEDARVALE LODGE RETIREMENT AND CARE COMMUNITY,Central,For-Profit,60,-79.456847,44.232338,No Outbreak,No
74,CEDARVALE TERRACE,Toronto Central,For-Profit,218,-79.41242340000002,43.68545859,Inactive,Yes
75,CEDARWOOD LODGE,North East,For-Profit,50,-84.31955276,46.55200831,No Outbreak,No
76,CEDARWOOD VILLAGE,Hamilton Niagara Haldimand Brant (Hnhb),For-Profit,90,-80.32971141,42.8408326,Inactive,Yes
77,CENTENNIAL PLACE LONG-TERM CARE HOME,Central East,For-Profit,128,-78.4477515,44.1562909,No Outbreak,No
78,CENTRE D'ACCUEIL CHAMPLAIN,Champlain,Municipal,160,-75.66040993,45.44308406,Inactive,Yes
79,CENTRE D'ACCUEIL ROGER SEGUIN,Champlain,Non-Profit,113,-75.21616879,45.51025689,Inactive,Yes
80,CHAMPLAIN LONG TERM CARE RESIDENCE,Champlain,For-Profit,60,-74.67048831,45.62972163,No Outbreak,No
81,CHARTWELL AURORA LONG TERM CARE RESIDENCE,Central,For-Profit,235,-79.47131474,43.99779774,Inactive,Yes
82,CHARTWELL AYLMER LONG TERM CARE RESIDENCE,South West,For-Profit,64,-80.99760032,42.77395085,No Outbreak,No
83,CHARTWELL BALLYCLIFFE LONG TERM CARE RESIDENCE,Central East,For-Profit,100,-79.02534179,43.85095764,Inactive,Yes
84,CHARTWELL BRANT CENTRE LONG TERM CARE RESIDENCE,Hamilton Niagara Haldimand Brant (Hnhb),For-Profit,175,-79.80381069,43.31651571,Inactive,Yes
85,CHARTWELL ELMIRA LONG TERM CARE RESIDENCE,Waterloo Wellington,For-Profit,48,-80.56368125,43.60150562,Inactive,Yes
86,CHARTWELL GIBSON LONG TERM CARE RESIDENCE,Central,For-Profit,202,-79.37379369,43.80765981,Inactive,Yes
87,CHARTWELL LONDON LONG TERM CARE RESIDENCE,South West,For-Profit,95,-81.26074922,43.04406869,No Outbreak,No
88,CHARTWELL PARKHILL LONG TERM CARE RESIDENCE,South West,For-Profit,59,-81.68166257,43.15701009,No Outbreak,No
89,CHARTWELL PINE GROVE LONG TERM CARE RESIDENCE,Central West,For-Profit,96,-79.58431476,43.797729,Inactive,Yes
90,CHARTWELL ROYAL OAK LONG TERM CARE RESIDENCE,Erie St. Clair,For-Profit,160,-82.7375796,42.0501946,Inactive,Yes
91,CHARTWELL TRILOGY LONG TERM CARE RESIDENCE,Central East,For-Profit,197,-79.23864245,43.73848531,Inactive,Yes
92,CHARTWELL WATERFORD LONG TERM CARE RESIDENCE,Mississauga Halton,For-Profit,168,-79.76303438,43.42715623,Inactive,Yes
93,CHARTWELL WENLEIGH LONG TERM CARE RESIDENCE,Mississauga Halton,For-Profit,161,-79.65178876,43.52485635,Inactive,Yes
94,CHARTWELL WESTBURY LONG TERM CARE RESIDENCE,Mississauga Halton,For-Profit,187,-79.56767874,43.64832328,Inactive,Yes
95,CHARTWELL WESTMOUNT LONG TERM CARE RESIDENCE,Waterloo Wellington,For-Profit,160,-80.51775782,43.40613299,Inactive,Yes
96,CHARTWELL WHITE EAGLE LONG TERM CARE RESIDENCE,Toronto Central,For-Profit,56,-79.4392265,43.63717128,Inactive,Yes
97,CHARTWELL WILLOWGROVE LONG TERM CARE RESIDENCE,Hamilton Niagara Haldimand Brant (Hnhb),For-Profit,169,-79.93527582,43.23324649,No Outbreak,No
98,CHARTWELL WOODHAVEN LONG TERM CARE RESIDENCE,Central,For-Profit,192,-79.23093356,43.88586653,Inactive,Yes
99,CHARTWELL WYNFIELD LONG TERM CARE RESIDENCE,Central East,For-Profit,172,-78.87267965,43.94673256,Inactive,Yes
100,CHATEAU PARK LONG TERM CARE HOME,Erie St. Clair,For-Profit,59,-83.07313582,42.30747117,No Outbreak,No
101,CHELSEY PARK,South West,For-Profit,247,-81.27670392,42.98760838,Inactive,Yes
102,CHELTENHAM CARE COMMUNITY,Central,For-Profit,170,-79.44446061,43.7818402,No Outbreak,No
103,CHESTER VILLAGE,Toronto Central,Non-Profit,203,-79.27484865,43.6936488,Inactive,Yes
104,CLARION NURSING HOME,Hamilton Niagara Haldimand Brant (Hnhb),For-Profit,100,-79.72817146,43.22037979,No Outbreak,No
105,COLEMAN CARE CENTRE,North Simcoe Muskoka,For-Profit,112,-79.71536396,44.4011191,No Outbreak,No
106,COLLINGWOOD NURSING HOME,North Simcoe Muskoka,For-Profit,64,-80.22895893,44.48264419,Inactive,Yes
107,COLUMBIA FOREST,Waterloo Wellington,For-Profit,156,-80.59136415,43.4649426,Inactive,Yes
108,COOKSVILLE CARE CENTRE,Mississauga Halton,For-Profit,192,-79.60968605,43.57334286,Inactive,Yes
109,COPERNICUS LODGE,Toronto Central,Non-Profit,228,-79.447311,43.64020808,Inactive,Yes
110,COPPER TERRACE,Erie St. Clair,For-Profit,138,-82.20038906,42.39831463,No Outbreak,No
111,COUNTRY LANE LONG TERM CARE RESIDENCE,South West,For-Profit,34,-80.9030782,44.465706899999994,No Outbreak,No
112,COUNTRY TERRACE,South West,For-Profit,120,-81.43757387,42.95867137,Inactive,Yes
113,COUNTRY VILLAGE HOMES - WOODSLEE,Erie St. Clair,For-Profit,104,-82.72129740000003,42.17241110000001,Inactive,Yes
114,CRAIGHOLME,South West,Non-Profit,83,-81.53006982,43.14535469,No Outbreak,No
115,CRAIGLEE NURSING HOME,Central East,For-Profit,169,-79.25329325,43.706865,Inactive,Yes
116,CREEDAN VALLEY CARE COMMUNITY,North Simcoe Muskoka,For-Profit,95,-80.09982767,44.32664057,Inactive,Yes
117,CREEK WAY VILLAGE,Hamilton Niagara Haldimand Brant (Hnhb),Municipal,144,-79.77985319,43.39302822,Inactive,Yes
118,CRESCENT PARK LODGE,Hamilton Niagara Haldimand Brant (Hnhb),For-Profit,68,-78.92320857,42.91044887,Inactive,Yes
119,CROWN RIDGE PLACE,South East,For-Profit,116,-77.56149694,44.10639945,No Outbreak,No
120,CUMMER LODGE,Central,Municipal,391,-79.4075617,43.78816171,Inactive,Yes
121,DEARNESS HOME FOR SENIOR CITIZENS,South West,Municipal,243,-81.2242039,42.94410837,No Outbreak,No
122,DEER PARK VILLA,Hamilton Niagara Haldimand Brant (Hnhb),Municipal,39,-79.54142639,43.189536499999996,No Outbreak,No
123,DEERWOOD CREEK CARE COMMUNITY,Central West,For-Profit,160,-79.61744587,43.73160489,Inactive,Yes
124,DELHI LONG TERM CARE CENTRE,Hamilton Niagara Haldimand Brant (Hnhb),For-Profit,60,-80.4905752,42.842040600000004,Inactive,Yes
125,DERBECKER'S HERITAGE HOUSE,Waterloo Wellington,For-Profit,73,-80.54914374,43.54089651,No Outbreak,No
126,DOM LIPA,Mississauga Halton,Non-Profit,66,-79.56513824,43.62949697,Inactive,Yes
127,DOUGLAS H. RAPELJE LODGE,Hamilton Niagara Haldimand Brant (Hnhb),Municipal,120,-79.24618498,42.97774267,Inactive,Yes
128,DOVER CLIFFS,Hamilton Niagara Haldimand Brant (Hnhb),For-Profit,70,-80.20786437,42.78788949,No Outbreak,No
129,DOWNSVIEW LONG TERM CARE CENTRE,Central,For-Profit,252,-79.48559573,43.7511842,Inactive,Yes
130,DUFFERIN OAKS,Central West,Municipal,160,-80.20035498,44.07675832,Inactive,Yes
131,DUNDAS MANOR NURSING HOME,Champlain,Non-Profit,98,-75.35556820000002,45.08860351,No Outbreak,No
132,DUNDURN PLACE CARE CENTRE,Hamilton Niagara Haldimand Brant (Hnhb),For-Profit,201,-79.86394320000002,43.25642639,Inactive,Yes
133,E. J. MCQUIGGE LODGE,South East,For-Profit,57,-77.39029009,44.19803357,No Outbreak,No
134,EAGLE TERRACE,Central,For-Profit,70,-79.46340434,44.04894845,Inactive,Yes
135,EARLS COURT VILLAGE,South West,For-Profit,128,-81.21868721,43.02686099,Inactive,Yes
136,EASTHOLME HOME FOR THE AGED,North East,Municipal,128,-79.35888349999998,46.078695700000004,Inactive,Yes
137,EATONVILLE CARE CENTRE,Mississauga Halton,For-Profit,247,-79.56046144,43.64760318,Inactive,Yes
138,EDEN HOUSE NURSING HOME,Waterloo Wellington,For-Profit,59,-80.16785633,43.58078794,No Outbreak,No
139,EDGEWATER GARDENS LONG TERM CARE CENTRE,Hamilton Niagara Haldimand Brant (Hnhb),Non-Profit,64,-79.625957,42.90614674,No Outbreak,No
140,EHATARE NURSING HOME,Central East,Non-Profit,32,-79.18320493,43.77551412,Inactive,Yes
141,ELGIN ABBEY NURSING HOME,South West,For-Profit,27,-81.09967099,44.31058562,Inactive,Yes
142,ELGIN MANOR,South West,Municipal,90,-81.23754879,42.76901044,No Outbreak,No
143,ELGINWOOD,Central,For-Profit,124,-79.44169122,43.90172983,No Outbreak,No
144,ÉLISABETH-BRUYÈRE RESIDENCE,Champlain,Non-Profit,71,-75.69601434,45.43220386,Inactive,Yes
145,ELIZABETH CENTRE,North East,For-Profit,128,-81.02674901,46.6119611,Inactive,Yes
146,ELM GROVE LIVING CENTRE,Toronto Central,For-Profit,126,-79.4307008,43.64031588,Inactive,Yes
147,ELMWOOD PLACE,South West,For-Profit,90,-81.26521352,42.96948268,Active,Yes
148,EMO HEALTH CENTRE,North West,Non-Profit,12,-93.842073,48.631491,No Outbreak,No
149,ERIN MILLS LODGE NURSING HOME,Mississauga Halton,For-Profit,86,-79.66736096,43.53474615,Inactive,Yes
150,ERRINRUNG LONG TERM CARE HOME,South West,For-Profit,60,-80.45518861,44.55940799,No Outbreak,No
151,ESPANOLA GENERAL HOSPITAL (OPERATING AS ESPANOLA NURSING HOME-ELDCAP),North East,Non-Profit,30,-81.78317101,46.2482946,No Outbreak,No
152,ESPANOLA GENERAL HOSPITAL (OPERATING AS ESPANOLA NURSING HOME-LTC),North East,Non-Profit,32,-81.7808318,46.2484521,No Outbreak,No
153,EXETER VILLA,South West,For-Profit,47,-81.47441712,43.34653763,Inactive,Yes
154,EXTENDICARE BAYVIEW,Central,For-Profit,205,-79.3906724,43.79341251,Inactive,Yes
155,EXTENDICARE BRAMPTON,Central West,For-Profit,150,-79.7356338,43.65536347,Inactive,Yes
156,EXTENDICARE COBOURG,Central East,For-Profit,69,-78.17209322,43.9837753,No Outbreak,No
157,EXTENDICARE FALCONBRIDGE,North East,For-Profit,234,-80.93753367,46.50713379,No Outbreak,No
158,EXTENDICARE GUILDWOOD,Central East,For-Profit,169,-79.20313123,43.74686311,No Outbreak,No
159,EXTENDICARE HALIBURTON,Central East,For-Profit,60,-78.502471,45.051712,No Outbreak,No
160,EXTENDICARE HALTON HILLS,Mississauga Halton,For-Profit,130,-79.94812796,43.64922616,Inactive,Yes
161,EXTENDICARE HAMILTON,Hamilton Niagara Haldimand Brant (Hnhb),For-Profit,160,-79.92136612,43.23730029,Inactive,Yes
162,EXTENDICARE KAPUSKASING,North East,For-Profit,61,-82.41017831,49.41769224,No Outbreak,No
163,EXTENDICARE KAWARTHA LAKES,Central East,For-Profit,64,-78.72369584,44.36383334,No Outbreak,No
164,EXTENDICARE KINGSTON,South East,For-Profit,150,-76.53531092,44.23934601,No Outbreak,No
165,EXTENDICARE KIRKLAND LAKE,North East,For-Profit,100,-80.02268375,48.15597609,No Outbreak,No
166,EXTENDICARE LAKEFIELD,Central East,For-Profit,100,-78.28153509999999,44.42419477,Inactive,Yes
167,EXTENDICARE LAURIER MANOR,Champlain,For-Profit,242,-75.61084101,45.44640676,Inactive,Yes
168,EXTENDICARE LONDON,South West,For-Profit,170,-81.24860602,43.00042548,No Outbreak,No
169,EXTENDICARE MAPLE VIEW OF SAULT STE. MARIE,North East,For-Profit,256,-84.30335325,46.5350635,Inactive,Yes
170,EXTENDICARE MEDEX,Champlain,For-Profit,193,-75.75821985,45.35435184,Active,Yes
171,EXTENDICARE MISSISSAUGA,Mississauga Halton,For-Profit,140,-79.72791359,43.63238897,No Outbreak,No
172,EXTENDICARE NEW ORCHARD LODGE,Champlain,For-Profit,111,-75.77907516,45.37526254,No Outbreak,No
173,EXTENDICARE OSHAWA,Central East,For-Profit,175,-78.87514724,43.89733765,Active,Yes
174,EXTENDICARE PETERBOROUGH,Central East,For-Profit,174,-78.34564511,44.29856245,No Outbreak,No
175,EXTENDICARE PORT HOPE,Central East,For-Profit,128,-78.28414406,43.96724219,No Outbreak,No
176,EXTENDICARE PORT STANLEY,South West,For-Profit,60,-81.20881357,42.67066023,No Outbreak,No
177,EXTENDICARE ROUGE VALLEY,Central East,For-Profit,192,-79.18867764,43.80332132,Inactive,Yes
178,EXTENDICARE SCARBOROUGH,Central East,For-Profit,154,-79.21012454,43.76375641,Inactive,Yes
179,EXTENDICARE SOUTHWOOD LAKES,Erie St. Clair,For-Profit,150,-82.97743668,42.24130106,Inactive,Yes
180,EXTENDICARE ST. CATHARINES,Hamilton Niagara Haldimand Brant (Hnhb),For-Profit,153,-79.2583408,43.1300249,No Outbreak,No
181,EXTENDICARE STARWOOD,Champlain,For-Profit,192,-75.75058715,45.35366004,Inactive,Yes
182,EXTENDICARE TECUMSEH,Erie St. Clair,For-Profit,128,-82.88283156,42.28214117,Inactive,Yes
183,EXTENDICARE TIMMINS,North East,For-Profit,180,-81.37922804,48.47746467,Inactive,Yes
184,EXTENDICARE TRI-TOWN,North East,For-Profit,60,-79.63014404,47.4407208,No Outbreak,No
185,EXTENDICARE VAN DAELE,North East,For-Profit,100,-84.32443156,46.5295084,No Outbreak,No
186,EXTENDICARE WEST END VILLA,Champlain,For-Profit,242,-75.77592346,45.35438354,Inactive,Yes
187,EXTENDICARE YORK,North East,For-Profit,288,-81.00771419,46.47514368,Inactive,Yes
188,F. J. DAVEY HOME,North East,Non-Profit,374,-84.3119845,46.55212210000001,No Outbreak,No
189,FAIRFIELD PARK,Erie St. Clair,For-Profit,99,-82.41318124,42.59425785,No Outbreak,No
190,FAIRHAVEN,Central East,Municipal,256,-78.3181676,44.32761635,No Outbreak,No
191,FAIRMOUNT HOME FOR THE AGED,South East,Municipal,128,-76.4650418,44.31346333,No Outbreak,No
192,FAIRVERN NURSING HOME,North Simcoe Muskoka,Non-Profit,76,-79.21252868,45.32656618,No Outbreak,No
193,FAIRVIEW LODGE,Central East,Municipal,198,-78.95110927,43.87912064,Inactive,Yes
194,FAIRVIEW MANOR,Champlain,Non-Profit,112,-76.18998128,45.2287855,No Outbreak,No
195,FAIRVIEW MENNONITE HOME,Waterloo Wellington,Non-Profit,84,-80.34314607,43.398556400000004,No Outbreak,No
196,FAIRVIEW NURSING HOME,Toronto Central,For-Profit,108,-79.4285026,43.64812078,Inactive,Yes
197,FAITH MANOR NURSING HOME,Central West,Non-Profit,120,-79.74139890000002,43.65401717,Inactive,Yes
198,FENELON COURT,Central East,For-Profit,67,-78.73121905,44.52846487,Inactive,Yes
199,FIDDICK'S NURSING HOME,Erie St. Clair,For-Profit,92,-82.135951,42.877897,No Outbreak,No
200,FIELDSTONE COMMONS CARE COMMUNITY,Central East,For-Profit,224,-79.27793126,43.76728591,Inactive,Yes
201,FINLANDIA HOIVAKOTI NURSING HOME LIMITED,North East,For-Profit,112,-80.92711026,46.48424888,Inactive,Yes
202,FOREST HEIGHTS,Waterloo Wellington,For-Profit,240,-80.52997973,43.42864339,Inactive,Yes
203,FOREST HILL,Champlain,For-Profit,160,-75.9096673,45.31439133,No Outbreak,No
204,FOSTERBROOKE,Central East,For-Profit,88,-79.39003029,43.64665448,No Outbreak,No
205,FOUNTAIN VIEW CARE COMMUNITY,Toronto Central,For-Profit,158,-79.30496586,43.7205599,Inactive,Yes
206,FOX RIDGE CARE COMMUNITY,Hamilton Niagara Haldimand Brant (Hnhb),For-Profit,122,-80.25558282,43.15692506,No Outbreak,No
207,FOYER DES PIONNIERS,North East,Non-Profit,67,-83.67961927,49.684844700000006,No Outbreak,No
208,FOYER RICHELIEU WELLAND,Hamilton Niagara Haldimand Brant (Hnhb),Non-Profit,63,-79.22461408,42.99062027,No Outbreak,No
209,FOYER ST-VIATEUR NURSING HOME,Champlain,For-Profit,57,-75.22846107,45.29369315,Inactive,Yes
210,FRANKLIN GARDENS LONG TERM CARE HOME,Erie St. Clair,For-Profit,120,-82.59816325,42.03083044,Inactive,Yes
211,FRIENDLY MANOR NURSING HOME,South East,For-Profit,60,-77.0375329,44.201206899999995,No Outbreak,No
212,FROST MANOR,Central East,For-Profit,62,-78.747889,44.342364,No Outbreak,No
213,FUDGER HOUSE,Toronto Central,Municipal,250,-79.37402148,43.66633069,Inactive,Yes
214,GARDEN CITY MANOR,Hamilton Niagara Haldimand Brant (Hnhb),For-Profit,200,-79.2490312,43.18091791,Active,Yes
215,GARDEN COURT NURSING HOME,Toronto Central,For-Profit,45,-79.49680752,43.60195707,Active,Yes
216,GARDEN TERRACE,Champlain,For-Profit,160,-75.90097929999997,45.30976033,Inactive,Yes
217,GARDENVIEW LONG TERM CARE HOME,Hamilton Niagara Haldimand Brant (Hnhb),Non-Profit,64,-80.14081206,42.88836551,Inactive,Yes
218,GARRY J. ARMSTRONG HOME,Champlain,Municipal,180,-75.68321333,45.43785466,Inactive,Yes
219,GATEWAY HAVEN LONG TERM CARE HOME,South West,Municipal,100,-81.12803284,44.74034089,No Outbreak,No
220,GEORGIAN HEIGHTS,South West,For-Profit,40,-80.92272196,44.56929937,No Outbreak,No
221,GEORGIAN MANOR HOME FOR THE AGED,North Simcoe Muskoka,Municipal,143,-79.91976266,44.76796585,No Outbreak,No
222,GERALDTON DISTRICT HOSPITAL,North West,Non-Profit,19,-86.9547123,49.7226939,No Outbreak,No
223,GILMORE LODGE,Hamilton Niagara Haldimand Brant (Hnhb),Municipal,80,-78.91490397,42.92080238,No Outbreak,No
224,GLEBE CENTRE,Champlain,Non-Profit,254,-75.68635693,45.39876525,Inactive,Yes
225,GLEN HILL MARNWOOD,Central East,Non-Profit,60,-78.68988509,43.91589256,No Outbreak,No
226,GLEN HILL STRATHAVEN,Central East,Non-Profit,210,-78.67361278,43.91212066,Inactive,Yes
227,GLEN-STOR-DUN LODGE,Champlain,Municipal,132,-74.68347497,45.02603103,No Outbreak,No
228,GOLDEN DAWN NURSING HOME,South West,Non-Profit,45,-81.25537981,44.98706902,Inactive,Yes
229,GOLDEN MANOR,North East,Municipal,177,-81.34352493,48.48606627,Inactive,Yes
230,GOLDEN PLOUGH LODGE,Central East,Municipal,151,-78.19501703,43.974493700000004,No Outbreak,No
231,GOLDEN YEARS NURSING HOME,Waterloo Wellington,For-Profit,88,-80.35454667,43.4042795,Inactive,Yes
232,GOOD SAMARITAN NURSING HOME,Central,For-Profit,64,-79.84546178,44.15888285,No Outbreak,No
233,GRACE MANOR,Central West,Non-Profit,120,-79.74143790000002,43.65294337,Inactive,Yes
234,GRACE VILLA NURSING HOME,Hamilton Niagara Haldimand Brant (Hnhb),For-Profit,184,-79.84709659,43.21147629,Active,Yes
235,GRANDVIEW LODGE / DUNNVILLE,Hamilton Niagara Haldimand Brant (Hnhb),Municipal,128,-79.63401540000002,42.90834644,No Outbreak,No
236,GRANITE RIDGE CARE COMMUNITY,Champlain,For-Profit,224,-75.90499269,45.26988372,No Outbreak,No
237,GREENWOOD COURT,South West,Non-Profit,45,-80.97615776,43.38294686,Inactive,Yes
238,GREY GABLES HOME FOR THE AGED,South West,Municipal,66,-80.64029685,44.31396564,No Outbreak,No
239,GROVE PARK HOME FOR SENIOR CITIZENS,North Simcoe Muskoka,Non-Profit,143,-79.66946724,44.406020700000006,No Outbreak,No
240,GROVES PARK LODGE,Champlain,For-Profit,90,-76.69696907,45.48151172,No Outbreak,No
241,H.J. MCFARLAND MEMORIAL HOME,South East,Municipal,84,-77.13549939,44.02513295,No Outbreak,No
242,HALLOWELL HOUSE,South East,For-Profit,97,-77.1810053,43.99421064,Inactive,Yes
243,HAMILTON CONTINUING CARE,Hamilton Niagara Haldimand Brant (Hnhb),For-Profit,64,-79.8504795,43.24791349,No Outbreak,No
244,HAMPTON TERRACE CARE CENTRE,Hamilton Niagara Haldimand Brant (Hnhb),For-Profit,101,-79.8554984,43.3054339,Inactive,Yes
245,HANOVER CARE CENTRE,South West,For-Profit,41,-81.01744915,44.15991379,No Outbreak,No
246,HARDY TERRACE,Hamilton Niagara Haldimand Brant (Hnhb),For-Profit,101,-80.3068167,43.0876862,No Outbreak,No
247,HARMONY HILLS CARE COMMUNITY,Toronto Central,For-Profit,160,-79.30496586,43.7205599,Active,Yes
248,HAROLD AND GRACE BAKER CENTRE,Central,Non-Profit,120,-79.46978092,43.69821459,Inactive,Yes
249,HASTINGS CENTENNIAL MANOR,South East,Municipal,110,-77.86421482,45.0550849,No Outbreak,No
250,HASTINGS MANOR HOME FOR THE AGED,South East,Municipal,253,-77.41249679,44.14751276,Inactive,Yes
251,HAWTHORN WOODS CARE COMMUNITY,Central West,For-Profit,160,-79.68888879,43.75755779,Active,Yes
252,HAWTHORNE PLACE CARE CENTRE,Central,For-Profit,269,-79.52146844,43.7562352,Inactive,Yes
253,HEARTWOOD (FKA VERSA-CARE CORNWALL),Champlain,For-Profit,118,-74.73229849,45.03336123,No Outbreak,No
254,HEIDEHOF LONG TERM CARE HOME,Hamilton Niagara Haldimand Brant (Hnhb),Non-Profit,106,-79.251902,43.19665771,No Outbreak,No
255,HELEN HENDERSON NURSING HOME,South East,For-Profit,104,-76.66374476,44.22539531,No Outbreak,No
256,HELLENIC CARE FOR SENIORS (TORONTO),Toronto Central,Non-Profit,81,-79.43034200000002,43.67679399,Inactive,Yes
257,HELLENIC HOME - SCARBOROUGH,Central East,Non-Profit,128,-79.27408486,43.74876471,Inactive,Yes
258,HENLEY PLACE,South West,For-Profit,192,-81.21472021,43.04540679,Inactive,Yes
259,HERITAGE GREEN NURSING HOME,Hamilton Niagara Haldimand Brant (Hnhb),Non-Profit,167,-79.78959737,43.19352179,Inactive,Yes
260,HERON TERRACE LONG TERM CARE COMMUNITY,Erie St. Clair,For-Profit,140,-82.89932307,42.31721678,Inactive,Yes
261,HIGHLAND WOOD,Central East,Non-Profit,30,-78.52941943,45.03824146,No Outbreak,No
262,HILLCREST VILLAGE CARE CENTRE,North Simcoe Muskoka,For-Profit,164,-79.87963994,44.75357305,No Outbreak,No
263,HILLEL LODGE,Champlain,Non-Profit,121,-75.75281145,45.37622944,No Outbreak,No
264,HILLSDALE ESTATES,Central East,Municipal,300,-78.86330374,43.91384855,Inactive,Yes
265,HILLSDALE TERRACES,Central East,Municipal,200,-78.86454214,43.91500165,Inactive,Yes
266,HILLSIDE MANOR,South West,For-Profit,90,-81.09831679999998,43.424534200000004,Inactive,Yes
267,HILLTOP MANOR NURSING HOME (MERRICKVILLE),South East,For-Profit,60,-75.83453904,44.90918586,No Outbreak,No
268,HOGARTH RIVERVIEW MANOR,North West,Non-Profit,543,-89.27025117,48.38712316,Inactive,Yes
269,HOPE STREET TERRACE,Central East,For-Profit,97,-78.28837976,43.95459039,No Outbreak,No
270,HORNEPAYNE COMMUNITY HOSPITAL,North East,Non-Profit,12,-84.774059,49.212827000000004,No Outbreak,No
271,HUMBER VALLEY TERRACE,Central West,For-Profit,158,-79.59650396,43.72717599,Inactive,Yes
272,HURON LODGE LONG TERM CARE HOME,Erie St. Clair,Municipal,224,-83.0236891,42.25323436,No Outbreak,No
273,HURONLEA HOME FOR THE AGED,South West,Municipal,64,-81.25635699,43.73846151,No Outbreak,No
274,HURONVIEW HOME FOR THE AGED,South West,Municipal,120,-81.53130859999997,43.598187100000004,No Outbreak,No
275,HYLAND CREST,Central East,Municipal,62,-78.72985369,44.92594814,No Outbreak,No
276,IDLEWYLD MANOR,Hamilton Niagara Haldimand Brant (Hnhb),Non-Profit,192,-79.91485732,43.23618909,Inactive,Yes
277,ILER LODGE,Erie St. Clair,For-Profit,104,-82.82364113,42.17030086,No Outbreak,No
278,INA GRAFTON GAGE HOME,Central East,Non-Profit,128,-79.27714255,43.705765,Inactive,Yes
279,IOOF SENIORS HOME,North Simcoe Muskoka,Non-Profit,182,-79.68736455,44.3686217,Inactive,Yes
280,IROQUOIS LODGE NURSING HOME,Hamilton Niagara Haldimand Brant (Hnhb),Non-Profit,50,-80.11640017,43.07299235,No Outbreak,No
281,ISABEL AND ARTHUR MEIGHEN MANOR,Toronto Central,Non-Profit,168,-79.39254279,43.70000099,Inactive,Yes
282,IVAN FRANKO HOME (ETOBICOKE),Toronto Central,Non-Profit,85,-79.50673762,43.63771778,Inactive,Yes
283,JOHN NOBLE HOME,Hamilton Niagara Haldimand Brant (Hnhb),Municipal,156,-80.27606552,43.12596315,No Outbreak,No
284,KEMPTVILLE DISTRICT HOSPITAL,Champlain,Non-Profit,12,-75.64134820000002,45.0099179,No Outbreak,No
285,KENNEDY LODGE,Central East,For-Profit,289,-79.28056556,43.76265941,Inactive,Yes
286,KENSINGTON VILLAGE,South West,For-Profit,78,-81.21450391,43.02140839,Inactive,Yes
287,KENTWOOD PARK,South East,For-Profit,45,-77.14847409,44.00244715,No Outbreak,No
288,KILEAN LODGE,Hamilton Niagara Haldimand Brant (Hnhb),For-Profit,50,-79.5554741,43.19121,Inactive,Yes
289,KING CITY LODGE NURSING HOME,Central,For-Profit,36,-79.55151987,43.97147063,No Outbreak,No
290,KING NURSING HOME,Central West,For-Profit,86,-79.74065452,43.87933771,No Outbreak,No
291,KINGSWAY LODGE NURSING HOME,South West,For-Profit,63,-81.1354479,43.25961363,No Outbreak,No
292,KIPLING ACRES,Central West,Municipal,337,-79.57339555,43.72574509,Inactive,Yes
293,KNOLLCREST LODGE,South West,Non-Profit,78,-80.92082216,43.5706561,No Outbreak,No
294,KRISTUS DARZS LATVIAN HOME,Central,Non-Profit,100,-79.59579547,43.87156441,Inactive,Yes
295,LABDARA LITHUANIAN NURSING HOME,Mississauga Halton,Non-Profit,90,-79.53092513,43.64373408,Inactive,Yes
296,LADY DUNN HEALTH CENTRE (WAWA),North East,Non-Profit,16,-84.77191449,47.999790000000004,No Outbreak,No
297,LAKELAND LONG TERM CARE (ELDCAP),North East,Non-Profit,20,-80.01766090000002,45.3407019,No Outbreak,No
298,LAKELAND LONG TERM CARE SERVICES,North East,Non-Profit,90,-80.01767199999998,45.340765999999995,No Outbreak,No
299,LAKESHORE LODGE,Toronto Central,Municipal,150,-79.51845532,43.59721667,Inactive,Yes
300,LAKESIDE LONG TERM CARE CENTRE,Toronto Central,Non-Profit,128,-79.43316800000002,43.636584,No Outbreak,No
301,LAKEVIEW MANOR,Central East,Municipal,149,-79.16356588,44.42747763,Inactive,Yes
302,LAMBTON MEADOWVIEW VILLA,Erie St. Clair,Municipal,125,-82.16482359,42.88448582,Inactive,Yes
303,LANARK HEIGHTS LONG TERM CARE CENTRE,Waterloo Wellington,For-Profit,160,-80.53544803,43.42436319,Inactive,Yes
304,LANARK LODGE,South East,Municipal,163,-76.27207578,44.90398014,Inactive,Yes
305,LANCASTER LONG TERM CARE RESIDENCE,Champlain,For-Profit,60,-74.50391692,45.14626646,No Outbreak,No
306,LANGSTAFF SQUARE CARE COMMUNITY,Central,For-Profit,160,-79.42478351,43.84482422,No Outbreak,No
307,LAPOINTE-FISHER NURSING HOME,Waterloo Wellington,For-Profit,92,-80.25748785,43.56346913,No Outbreak,No
308,LEACOCK CARE CENTRE,North Simcoe Muskoka,For-Profit,145,-79.39492597,44.60660015,No Outbreak,No
309,LEAMINGTON MENNONITE HOME LONG TERM CARE RESIDENCE,Erie St. Clair,Non-Profit,84,-82.59059485,42.04374165,Inactive,Yes
310,LEE MANOR HOME,South West,Municipal,150,-80.92749966,44.56074357,No Outbreak,No
311,LINHAVEN,Hamilton Niagara Haldimand Brant (Hnhb),Municipal,248,-79.26633031,43.18351721,Active,Yes
312,LONGFIELDS MANOR,Champlain,For-Profit,114,-75.72981554,45.28026603,No Outbreak,No
313,MACASSA LODGE,Hamilton Niagara Haldimand Brant (Hnhb),Municipal,270,-79.84867319,43.22567639,Inactive,Yes
314,MACKENZIE HEALTH LONG TERM CARE FACILITY,Central,Non-Profit,168,-79.45081182,43.87045412,Inactive,Yes
315,MACKENZIE PLACE,Central,For-Profit,93,-79.47891695,44.05748695,Inactive,Yes
316,MADONNA CARE COMMUNITY,Champlain,For-Profit,160,-75.559988,45.46043427,Inactive,Yes
317,MAIN STREET TERRACE,Toronto Central,For-Profit,150,-79.29859826,43.68160949,Inactive,Yes
318,MAITLAND MANOR,South West,For-Profit,91,-81.71190013,43.73314149,Inactive,Yes
319,MALTON VILLAGE LONG TERM CARE CENTRE,Central West,Municipal,160,-79.62437147,43.71847959,Active,Yes
320,MANITOULIN CENTENNIAL MANOR HOME FOR THE AGED,North East,Municipal,60,-81.93648973,45.98389625,No Outbreak,No
321,MANITOULIN LODGE,North East,For-Profit,62,-82.46562059,45.91388961,Inactive,Yes
322,MANOIR MAROCHEL,Champlain,For-Profit,64,-75.62821042,45.44785486,Inactive,Yes
323,MAPLE GROVE CARE COMMUNITY,Central West,For-Profit,160,-79.75483001,43.75771219,Inactive,Yes
324,MAPLE MANOR NURSING HOME,South West,For-Profit,106,-80.72991974,42.86006238,No Outbreak,No
325,MAPLE PARK LODGE,Hamilton Niagara Haldimand Brant (Hnhb),For-Profit,96,-78.92271967,42.91045417,No Outbreak,No
326,MAPLE VIEW,South West,For-Profit,29,-80.94905687,44.56743597,Inactive,Yes
327,MAPLE VIEW LODGE,South East,Municipal,60,-75.93144305,44.63454631,Inactive,Yes
328,MAPLE VILLA LONG TERM CARE CENTRE,Hamilton Niagara Haldimand Brant (Hnhb),For-Profit,93,-79.80289539,43.31995171,No Outbreak,No
329,MAPLEWOOD,South East,For-Profit,49,-77.74441359999999,44.039652600000004,Inactive,Yes
330,MARIANHILL NURSING HOME,Champlain,Non-Profit,139,-77.10391504,45.81487556,No Outbreak,No
331,MARIANN HOME,Central,Non-Profit,64,-79.43615722,43.86921402,No Outbreak,No
332,MARKHAVEN,Central,Non-Profit,96,-79.25422906,43.88371943,Inactive,Yes
333,MARSHALL GOWLAND MANOR,Erie St. Clair,Municipal,126,-82.38446927,42.96399632,Inactive,Yes
334,MAUNO KAIHLA KOTI,North East,Non-Profit,63,-84.33693736,46.5396691,No Outbreak,No
335,MAXVILLE MANOR,Champlain,Non-Profit,122,-74.86345425,45.28415857,Inactive,Yes
336,MAYNARD NURSING HOME,Toronto Central,For-Profit,77,-79.4191815,43.64880888,Inactive,Yes
337,MCCALL CENTRE LONG TERM CARE INTERIM UNIT,Mississauga Halton,Non-Profit,21,-79.56210244,43.61006437,Inactive,Yes
338,MCCORMICK HOME,South West,Non-Profit,160,-81.35418445,42.96884017,No Outbreak,No
339,MCGARRELL PLACE,South West,For-Profit,157,-81.29614393,43.02383798,No Outbreak,No
340,MEADOW PARK (LONDON),South West,For-Profit,126,-81.20205190000001,42.94667847,Inactive,Yes
341,MEADOW PARK NURSING HOME (CHATHAM),Erie St. Clair,For-Profit,99,-82.19885326,42.40705193,No Outbreak,No
342,MEAFORD LONG TERM CARE - A PEOPLECARE COMMUNITY,South West,For-Profit,77,-80.60054596,44.61169379,No Outbreak,No
343,MENNONITE BRETHREN SENIOR CITIZENS HOME,Hamilton Niagara Haldimand Brant (Hnhb),Non-Profit,128,-79.2335379,43.1888487,Active,Yes
344,MIDDLESEX TERRACE,South West,For-Profit,105,-81.42514196,42.92353736,No Outbreak,No
345,MIDLAND GARDENS CARE COMMUNITY,Central East,For-Profit,299,-79.24749635,43.708358600000004,Active,Yes
346,MILL CREEK CARE CENTRE,North Simcoe Muskoka,Non-Profit,160,-79.65609964,44.368993100000004,No Outbreak,No
347,MILLENNIUM TRAIL MANOR,Hamilton Niagara Haldimand Brant (Hnhb),For-Profit,160,-79.11734305,43.076347,No Outbreak,No
348,MIRAMICHI LODGE,Champlain,Municipal,166,-77.13017355,45.82684776,Inactive,Yes
349,MISSISSAUGA LONG TERM CARE FACILITY,Mississauga Halton,For-Profit,55,-79.59094324,43.54970386,No Outbreak,No
350,MITCHELL NURSING HOME,South West,Non-Profit,48,-81.20189084,43.47396537,No Outbreak,No
351,MOIRA PLACE LONG-TERM CARE HOME,South East,For-Profit,128,-77.31915479,44.47111572,Inactive,Yes
352,MON SHEONG HOME FOR THE AGED,Toronto Central,Non-Profit,105,-79.39314779,43.65527498,Inactive,Yes
353,MON SHEONG RICHMOND HILL LONG TERM CARE CENTRE,Central,Non-Profit,192,-79.44320193,43.90134473,No Outbreak,No
354,MON SHEONG SCARBOROUGH LONG TERM CARE CENTRE,Central East,Non-Profit,160,-79.29999097,43.81309612,Inactive,Yes
355,MONTFORT,Champlain,For-Profit,128,-75.64059562,45.44672936,Inactive,Yes
356,MORRISTON PARK NURSING HOME,Waterloo Wellington,For-Profit,28,-80.1276776,43.44004921,No Outbreak,No
357,MOUNT HOPE CENTRE FOR LONG TERM CARE,South West,Non-Profit,394,-81.25634222,42.99894988,Inactive,Yes
358,MOUNT NEMO CHRISTIAN NURSING HOME,Hamilton Niagara Haldimand Brant (Hnhb),Non-Profit,61,-79.87556992,43.40257242,No Outbreak,No
359,MUSKOKA LANDING,North Simcoe Muskoka,For-Profit,94,-79.20221468,45.33624348,No Outbreak,No
360,MUSKOKA SHORES CARE COMMUNITY,North Simcoe Muskoka,For-Profit,183,-79.36729389,44.9143044,No Outbreak,No
361,"NIAGARA HEALTH SYSTEM, WELLAND HOSPITAL SITE, EXTENDED CARE UNIT",Hamilton Niagara Haldimand Brant (Hnhb),Non-Profit,115,-79.24856448,42.97988177,No Outbreak,No
362,NIAGARA INA GRAFTON GAGE VILLAGE,Hamilton Niagara Haldimand Brant (Hnhb),Non-Profit,40,-79.22528859,43.20027151,No Outbreak,No
363,NIAGARA LONG TERM CARE RESIDENCE,Hamilton Niagara Haldimand Brant (Hnhb),For-Profit,124,-79.0657413,43.2549638,No Outbreak,No
364,NIPIGON DISTRICT MEMORIAL HOSPITAL,North West,Non-Profit,15,-88.2759054,49.0155755,No Outbreak,No
365,NIPISSING MANOR NURSING CARE CENTER,North East,For-Profit,120,-79.33681562,46.24835493,No Outbreak,No
366,NISBET LODGE,Toronto Central,Non-Profit,103,-79.34558197,43.68025289,Active,Yes
367,NITHVIEW HOME,Waterloo Wellington,Non-Profit,99,-80.70159538,43.38053997,No Outbreak,No
368,NORFINCH CARE COMMUNITY,Central,For-Profit,160,-79.52618684,43.756787599999996,No Outbreak,No
369,NORTH CENTENNIAL MANOR,North East,Non-Profit,78,-82.43174902,49.42402834,No Outbreak,No
370,NORTH LAMBTON LODGE,Erie St. Clair,Municipal,88,-81.99290376,43.09281026,No Outbreak,No
371,NORTH PARK NURSING HOME,Central,For-Profit,75,-79.48214652,43.71741799,Inactive,Yes
372,NORTH RENFREW LONG-TERM CARE SERVICES,Champlain,Non-Profit,21,-77.48846579,46.10283609,No Outbreak,No
373,NORTH SHORE HEALTH NETWORK – ELDCAP UNIT,North East,Non-Profit,10,-82.92406797,46.18737143,No Outbreak,No
374,NORTH SHORE HEALTH NETWORK – LTC UNIT,North East,Non-Profit,22,-82.92406797,46.18737143,No Outbreak,No
375,NORTHLAND POINTE,Hamilton Niagara Haldimand Brant (Hnhb),Municipal,151,-79.25766920000002,42.8807752,No Outbreak,No
376,NORTHRIDGE,Mississauga Halton,For-Profit,133,-79.71426817,43.48960334,Inactive,Yes
377,NORTHVIEW NURSING HOME,North East,For-Profit,48,-79.8655049,47.8219425,Inactive,Yes
378,NORTHWOOD LODGE,North West,Municipal,32,-93.82244384,51.01327044,No Outbreak,No
379,NORVIEW LODGE,Hamilton Niagara Haldimand Brant (Hnhb),Municipal,179,-80.33304111,42.8372838,Inactive,Yes
380,NORWOOD NURSING HOME,Toronto Central,For-Profit,60,-79.4293819,43.63752278,Inactive,Yes
381,OAK TERRACE,North Simcoe Muskoka,For-Profit,94,-79.43126489,44.60302415,No Outbreak,No
382,OAKWOOD PARK LODGE,Hamilton Niagara Haldimand Brant (Hnhb),For-Profit,153,-79.11785895,43.0769904,No Outbreak,No
383,ONEIDA NATION OF THE THAMES LONG-TERM CARE HOME (TSI' NU: YOYANTLE' NA' TUHUWATISNI),South West,Non-Profit,64,-81.41178225,42.81734514,No Outbreak,No
384,ORCHARD TERRACE CARE CENTRE,Hamilton Niagara Haldimand Brant (Hnhb),For-Profit,45,-79.68313844,43.21015079,No Outbreak,No
385,ORCHARD VILLA,Central East,For-Profit,233,-79.0826885,43.84623863,Inactive,Yes
386,OWEN HILL CARE COMMUNITY,North Simcoe Muskoka,For-Profit,57,-79.69019855,44.3951391,Inactive,Yes
387,PARISIEN MANOR,Champlain,For-Profit,65,-74.71865558,45.02136413,No Outbreak,No
388,PARK LANE TERRACE,Hamilton Niagara Haldimand Brant (Hnhb),For-Profit,132,-80.38916816,43.21149506,No Outbreak,No
389,PARKVIEW HOME LONG-TERM CARE,Central,Non-Profit,128,-79.25898437,43.96541475,No Outbreak,No
390,PARKVIEW MANOR HEALTH CARE CENTRE,South West,For-Profit,34,-81.091335,44.298319899999996,Inactive,Yes
391,PARKVIEW NURSING CENTRE,Hamilton Niagara Haldimand Brant (Hnhb),For-Profit,126,-79.88486411,43.26103249,No Outbreak,No
392,PARKWOOD MENNONITE HOME,Waterloo Wellington,Non-Profit,96,-80.50225763,43.51640151,Inactive,Yes
393,PEEL MANOR,Central West,Municipal,177,-79.78142981,43.69999507,Inactive,Yes
394,PEOPLECARE A.R. GOUDIE KITCHENER,Waterloo Wellington,Non-Profit,80,-80.47446971,43.4564955,Active,Yes
395,PEOPLECARE HILLTOP MANOR CAMBRIDGE,Waterloo Wellington,For-Profit,185,-80.30996865,43.35352749,Inactive,Yes
396,PEOPLECARE OAKCROSSING LONDON,South West,For-Profit,160,-81.31277543,42.99044098,Inactive,Yes
397,PEOPLECARE TAVISTOCK,South West,For-Profit,100,-80.83917752,43.31908376,No Outbreak,No
398,PERTH COMMUNITY CARE CENTRE,South East,For-Profit,121,-76.27097938,44.90433714,No Outbreak,No
399,PETER D. CLARK CENTRE,Champlain,Municipal,216,-75.76125205,45.34293864,Inactive,Yes
400,PINE MEADOW NURSING HOME,South East,Non-Profit,60,-77.1556304,44.7375315,No Outbreak,No
401,PINE VILLA NURSING HOME,Hamilton Niagara Haldimand Brant (Hnhb),For-Profit,41,-79.71616285,43.21627369,No Outbreak,No
402,PINECREST (KENORA),North West,Municipal,116,-94.4631099,49.7799152,No Outbreak,No
403,PINECREST (PLANTAGENET),Champlain,For-Profit,60,-74.99812112,45.5420141,Inactive,Yes
404,PINECREST MANOR,South West,For-Profit,61,-81.51071469,43.95579153,No Outbreak,No
405,PINECREST NURSING HOME - BOBCAYGEON,Central East,For-Profit,65,-78.53389679,44.52836508,Inactive,Yes
406,PINEHAVEN NURSING HOME,Waterloo Wellington,For-Profit,84,-80.51167673,43.492695399999995,Inactive,Yes
407,PIONEER MANOR,North East,Municipal,433,-80.98200638,46.51756439,Inactive,Yes
408,PIONEER RIDGE,North West,Municipal,150,-89.25595747,48.41777116,No Outbreak,No
409,PLEASANT MANOR RETIREMENT VILLAGE,Hamilton Niagara Haldimand Brant (Hnhb),Non-Profit,41,-79.12186246,43.22673892,No Outbreak,No
410,PLEASANT MEADOW MANOR,Central East,For-Profit,61,-77.96791169,44.37927558,No Outbreak,No
411,PORT PERRY PLACE,Central East,For-Profit,107,-78.95044579,44.11144499,No Outbreak,No
412,POST INN VILLAGE,Mississauga Halton,Municipal,228,-79.71675247,43.48026034,Inactive,Yes
413,PRINCESS COURT,North West,Municipal,97,-92.8352797,49.783303000000004,No Outbreak,No
414,PROVIDENCE HEALTHCARE,Toronto Central,Non-Profit,288,-79.28502950000002,43.71220510000001,Inactive,Yes
415,PROVIDENCE MANOR,South East,Non-Profit,243,-76.48546340000001,44.23553812,Inactive,Yes
416,QUEEN'S GARDEN,Hamilton Niagara Haldimand Brant (Hnhb),Non-Profit,128,-79.87697411,43.26115109,No Outbreak,No
417,QUEENSWAY LONG TERM CARE HOME,South West,For-Profit,60,-81.50347404,43.43497405,No Outbreak,No
418,R. H. LAWSON EVENTIDE HOME,Hamilton Niagara Haldimand Brant (Hnhb),Non-Profit,101,-79.07748394,43.0997467,No Outbreak,No
419,RAINY RIVER HEALTH CENTRE,North West,Non-Profit,21,-94.5692765,48.71856,No Outbreak,No
420,RAINYCREST,North West,Non-Profit,164,-93.38953726,48.61757858,No Outbreak,No
421,REACHVIEW VILLAGE,Central East,For-Profit,100,-79.11189924,44.10408728,Inactive,Yes
422,REGENCY LONG TERM CARE HOME,Central East,For-Profit,60,-78.28804066,43.95079819,No Outbreak,No
423,REGENCY PARK LONG TERM CARE HOME,Erie St. Clair,For-Profit,72,-83.03932361,42.31362957,Inactive,Yes
424,REGINA GARDENS,Hamilton Niagara Haldimand Brant (Hnhb),Non-Profit,128,-79.91358922,43.23102399,Inactive,Yes
425,RESIDENCE PRESCOTT ET RUSSELL,Champlain,Municipal,146,-74.61370539,45.60023563,No Outbreak,No
426,RESIDENCE SAINT- LOUIS,Champlain,Non-Profit,198,-75.54547069,45.48316947,Inactive,Yes
427,RICHMOND TERRACE,Erie St. Clair,For-Profit,120,-83.11025501,42.10422443,No Outbreak,No
428,RIDEAUCREST HOME,South East,Municipal,170,-76.48232850000002,44.23807732,No Outbreak,No
429,RIDGEVIEW,Hamilton Niagara Haldimand Brant (Hnhb),For-Profit,120,-79.80319278,43.18766128,No Outbreak,No
430,RITZ LUTHERAN VILLA,South West,Non-Profit,85,-81.191192,43.478586,No Outbreak,No
431,RIVER GLEN HAVEN NURSING HOME,Central,For-Profit,119,-79.36171604,44.30394879999999,Inactive,Yes
432,RIVERBEND PLACE,Waterloo Wellington,For-Profit,54,-80.32575336,43.37692539,No Outbreak,No
433,RIVERSIDE PLACE,Erie St. Clair,For-Profit,96,-82.92755457,42.29910898,Active,Yes
434,RIVERVIEW GARDENS,Erie St. Clair,Municipal,320,-82.19474266,42.39921553,Inactive,Yes
435,RIVERVIEW MANOR NURSING HOME,Central East,For-Profit,124,-78.3150222,44.33636205,Inactive,Yes
436,ROBERTA PLACE,North Simcoe Muskoka,For-Profit,140,-79.70744685,44.34268529,No Outbreak,No
437,ROCKCLIFFE CARE COMMUNITY,Central East,For-Profit,204,-79.24789355,43.75467751,Inactive,Yes
438,ROCKWOOD TERRACE HOME FOR THE AGED,South West,Municipal,100,-80.80961509,44.17446891,No Outbreak,No
439,ROSE OF SHARON KOREAN LONG TERM CARE,Toronto Central,Non-Profit,60,-79.4218175,43.68583989,No Outbreak,No
440,ROSEBRIDGE MANOR,South East,For-Profit,78,-75.89019625,44.84219285,Inactive,Yes
441,ROSEDALE CENTRE,North East,Non-Profit,20,-80.46973105,48.53944263,No Outbreak,No
442,ROYAL OTTAWA PLACE,Champlain,Non-Profit,70,-75.72980265,45.38854715,No Outbreak,No
443,ROYAL ROSE PLACE,Hamilton Niagara Haldimand Brant (Hnhb),For-Profit,96,-79.26928669,43.00162217,Inactive,Yes
444,ROYAL TERRACE,Waterloo Wellington,For-Profit,67,-80.84393637,43.83992155,Inactive,Yes
445,SAINT LUKE'S PLACE,Waterloo Wellington,Non-Profit,114,-80.31029116,43.4253246,Inactive,Yes
446,SANDFIELD PLACE,Champlain,For-Profit,53,-74.75148549,45.03749423,No Outbreak,No
447,SANTÉ MANITOUWADGE HEALTH,North West,Non-Profit,9,-85.82432229,49.12743949,No Outbreak,No
448,SARA VISTA,North Simcoe Muskoka,For-Profit,60,-79.86181752,44.58237802,No Outbreak,No
449,SARSFIELD COLONIAL HOME,Champlain,For-Profit,46,-75.347066,45.440588,No Outbreak,No
450,SEAFORTH LONG TERM CARE HOME,South West,For-Profit,63,-81.39760291,43.55647627,No Outbreak,No
451,SECORD TRAILS CARE COMMUNITY,South West,For-Profit,80,-80.88305150000002,43.03265541,Inactive,Yes
452,SENIORS' HEALTH CENTRE,Central,Non-Profit,192,-79.36002319,43.77304721,No Outbreak,No
453,SEVEN OAKS,Central East,Municipal,249,-79.20432774,43.78117732,Inactive,Yes
454,SHALOM MANOR LONG TERM CARE HOME,Hamilton Niagara Haldimand Brant (Hnhb),Non-Profit,144,-79.52455129,43.1869815,Inactive,Yes
455,SHALOM VILLAGE NURSING HOME,Hamilton Niagara Haldimand Brant (Hnhb),Non-Profit,127,-79.89518251,43.26411849,No Outbreak,No
456,SHELBURNE LONG TERM CARE HOME,Central West,For-Profit,60,-80.20421248,44.08301872,Inactive,Yes
457,SHEPHERD LODGE,Central East,Non-Profit,252,-79.29413397,43.78271331,Inactive,Yes
458,SHERBOURNE PLACE,Toronto Central,Non-Profit,126,-79.37266528,43.66267759,Inactive,Yes
459,SHERIDAN VILLA,Mississauga Halton,Municipal,142,-79.64829886,43.51060205,Inactive,Yes
460,SHERWOOD COURT LONG TERM CARE CENTRE,Central,For-Profit,96,-79.51877245,43.88950162,Inactive,Yes
461,SHERWOOD PARK MANOR,South East,Non-Profit,107,-75.662296,44.60514000000001,No Outbreak,No
462,SILVERTHORN CARE COMMUNITY,Mississauga Halton,For-Profit,160,-79.68858187,43.56232545,Inactive,Yes
463,SIMCOE MANOR HOME FOR THE AGED,Central,Municipal,126,-79.77752875,44.08139484,Inactive,Yes
464,SMOOTH ROCK FALLS HOSPITAL,North East,Non-Profit,20,-81.610265,49.272285,No Outbreak,No
465,SOUTH CENTENNIAL MANOR,North East,Non-Profit,69,-80.68247105,48.76584185,Inactive,Yes
466,SOUTHAMPTON CARE CENTRE,South West,For-Profit,88,-81.36830209,44.48871523,No Outbreak,No
467,SOUTHBRIDGE LAKEHEAD,North West,For-Profit,131,-89.25160776,48.38274726,No Outbreak,No
468,SOUTHBRIDGE PINEWOOD,North West,For-Profit,128,-89.27416157,48.37456045,No Outbreak,No
469,SOUTHBRIDGE ROSEVIEW,North West,For-Profit,157,-89.21555166,48.45042517,No Outbreak,No
470,SOUTHLAKE RESIDENTIAL CARE VILLAGE,Central,Non-Profit,224,-79.45092944,44.05931585,Inactive,Yes
471,SPENCER HOUSE,North Simcoe Muskoka,Non-Profit,160,-79.45390869,44.60314495,Inactive,Yes
472,SPRINGDALE COUNTRY MANOR,Central East,For-Profit,68,-78.39679912,44.23107203,No Outbreak,No
473,SPRUCE LODGE HOME FOR THE AGED,South West,Municipal,128,-81.00083747,43.36760056,No Outbreak,No
474,SPRUCEDALE CARE CENTRE,South West,For-Profit,96,-81.62413493,42.96355986,Inactive,Yes
475,ST PATRICK'S HOME,Champlain,Non-Profit,288,-75.68903093,45.36947155,Inactive,Yes
476,ST. ANDREW'S TERRACE LONG TERM CARE COMMUNITY,Waterloo Wellington,For-Profit,128,-80.32871446,43.34600049,Inactive,Yes
477,ST. CLAIR O'CONNOR COMMUNITY NURSING HOME,Toronto Central,Non-Profit,25,-79.31276747,43.7056131,Inactive,Yes
478,ST. GABRIEL'S VILLA OF SUDBURY,North East,Non-Profit,128,-81.183418,46.57582100000001,Inactive,Yes
479,ST. GEORGE CARE COMMUNITY,Toronto Central,For-Profit,238,-79.40161649,43.67253289,Inactive,Yes
480,ST. JACQUES NURSING HOME,Champlain,Non-Profit,60,-75.28638399,45.27229585,No Outbreak,No
481,ST. JOSEPH'S AT FLEMING,Central East,Non-Profit,200,-78.36982641,44.26877564,Inactive,Yes
482,ST. JOSEPH'S CONTINUING CARE CENTRE,Champlain,Non-Profit,150,-74.73145128,45.01462532,Inactive,Yes
483,"ST. JOSEPH'S HEALTH CENTRE, GUELPH",Waterloo Wellington,Non-Profit,240,-80.272024,43.549994,No Outbreak,No
484,ST. JOSEPH'S LIFECARE CENTRE,Hamilton Niagara Haldimand Brant (Hnhb),Non-Profit,205,-80.23530631,43.14553416,Inactive,Yes
485,ST. JOSEPH'S MANOR,North East,Non-Profit,64,-82.66092821,46.38484207,No Outbreak,No
486,"ST. JOSEPH'S VILLA, DUNDAS",Hamilton Niagara Haldimand Brant (Hnhb),Non-Profit,425,-79.95770113,43.26175889,Inactive,Yes
487,"ST. JOSEPH'S VILLA, SUDBURY",North East,Non-Profit,128,-80.96677167,46.46661488,Inactive,Yes
488,ST. LAWRENCE LODGE,South East,Municipal,224,-75.66542026,44.60164641,No Outbreak,No
489,ST. PETER'S RESIDENCE AT CHEDOKE,Hamilton Niagara Haldimand Brant (Hnhb),Non-Profit,210,-79.92012482,43.24048479,No Outbreak,No
490,STAYNER CARE CENTRE,North Simcoe Muskoka,For-Profit,49,-80.09109148,44.41953308,Inactive,Yes
491,STIRLING HEIGHTS,Waterloo Wellington,For-Profit,110,-80.33371706,43.33915669,Inactive,Yes
492,STIRLING MANOR NURSING HOME,South East,For-Profit,75,-77.54846075,44.30226088,No Outbreak,No
493,STONERIDGE MANOR,Champlain,For-Profit,60,-76.15419976,45.13580539,Inactive,Yes
494,STRATHCONA LONG TERM CARE,Waterloo Wellington,For-Profit,87,-80.73933974,43.97509868,Inactive,Yes
495,STRATHMERE LODGE,South West,Municipal,160,-81.64392804,42.95570205,No Outbreak,No
496,STREAMWAY VILLA,Central East,For-Profit,59,-78.16781002,43.96205389,No Outbreak,No
497,STREETSVILLE CARE COMMUNITY,Mississauga Halton,For-Profit,118,-79.70532398,43.58212646,No Outbreak,No
498,SUMAC LODGE,Erie St. Clair,For-Profit,100,-82.34671616,43.01031973,Inactive,Yes
499,SUMMIT PLACE,South West,For-Profit,119,-80.92755656,44.55878477,No Outbreak,No
500,SUN PARLOR HOME FOR SENIOR CITIZENS,Erie St. Clair,Municipal,206,-82.58946575,42.05585245,Inactive,Yes
501,SUNNYCREST NURSING HOME,Central East,For-Profit,136,-78.90906825,43.88695065,Inactive,Yes
502,SUNNYSIDE HOME,Waterloo Wellington,Municipal,263,-80.4451854,43.440994,Inactive,Yes
503,SUNSET MANOR HOME FOR SENIOR CITIZENS,North Simcoe Muskoka,Municipal,150,-80.20123672,44.50191069,No Outbreak,No
504,SUOMI-KOTI TORONTO NURSING HOME,Toronto Central,Non-Profit,34,-79.36614148,43.7131299,No Outbreak,No
505,TALL PINES LONG TERM CARE CENTRE,Central West,Municipal,160,-79.74244701,43.75057309,Inactive,Yes
506,TECK PIONEER RESIDENCE,North East,Municipal,81,-80.01468335,48.15345549,No Outbreak,No
507,TELFER PLACE,Hamilton Niagara Haldimand Brant (Hnhb),For-Profit,45,-80.38649816,43.20739846,Inactive,Yes
508,TEMISKAMING LODGE,North East,For-Profit,83,-79.63082324,47.438790000000004,Inactive,Yes
509,TENDERCARE LIVING CENTRE,Central East,For-Profit,254,-79.33598338,43.80577041,No Outbreak,No
510,TERRACE LODGE,South West,Municipal,100,-80.9682813,42.771096299999996,No Outbreak,No
511,THE BIGNUCOLO RESIDENCE,North East,Non-Profit,18,-83.414961,47.841251,No Outbreak,No
512,THE ELLIOTT LONG TERM CARE RESIDENCE,Waterloo Wellington,Non-Profit,85,-80.25130495,43.55803773,No Outbreak,No
513,THE FORDWICH VILLAGE NURSING HOME,South West,For-Profit,33,-81.02944763,43.87084494,No Outbreak,No
514,THE FOUR SEASONS LODGE,Champlain,Non-Profit,14,-77.47500669,46.09087579,No Outbreak,No
515,"THE GROVE, ARNPRIOR AND DISTRICT NURSING HOME",Champlain,Non-Profit,61,-76.36088256,45.43909913,No Outbreak,No
516,THE HENLEY HOUSE,Hamilton Niagara Haldimand Brant (Hnhb),For-Profit,160,-79.2578661,43.18492631,Inactive,Yes
517,THE HERITAGE NURSING HOME,Toronto Central,For-Profit,201,-79.33111227,43.66272499,No Outbreak,No
518,THE JEWISH HOME FOR THE AGED,Toronto Central,Non-Profit,472,-79.43421181,43.7300765,Active,Yes
519,THE JOHN M. PARROTT CENTRE,South East,Municipal,168,-76.97028786,44.2413403,No Outbreak,No
520,THE KENSINGTON GARDENS,Toronto Central,Non-Profit,350,-79.40343829,43.65819899,Active,Yes
521,THE MAPLES HOME FOR SENIORS,South West,For-Profit,43,-80.83826132,43.31755486,No Outbreak,No
522,THE MEADOWS,Hamilton Niagara Haldimand Brant (Hnhb),For-Profit,128,,,No Outbreak,No
523,THE MEADOWS OF DORCHESTER,Hamilton Niagara Haldimand Brant (Hnhb),Municipal,121,-79.13696046,43.07925789,No Outbreak,No
524,THE NORFOLK HOSPITAL NURSING HOME,Hamilton Niagara Haldimand Brant (Hnhb),Non-Profit,80,-80.31432431,42.8351656,Inactive,Yes
525,THE O'NEILL CENTRE,Toronto Central,For-Profit,162,-79.4186887,43.66476219,Inactive,Yes
526,THE PALACE,Champlain,For-Profit,70,-74.63263588,45.31136778,No Outbreak,No
527,THE PERLEY AND RIDEAU VETERANS' HEALTH CENTRE,Champlain,Non-Profit,450,-75.63671562,45.40374035,Active,Yes
528,THE PINES,North Simcoe Muskoka,Municipal,160,-79.29822038,45.05169583,No Outbreak,No
529,THE SALVATION ARMY OTTAWA GRACE MANOR,Champlain,Non-Profit,128,-75.72755805,45.40088385,No Outbreak,No
530,THE VILLA CARE CENTRE,North Simcoe Muskoka,For-Profit,114,-79.89055855,44.74305645,No Outbreak,No
531,THE VILLAGE AT ST. CLAIR,Erie St. Clair,For-Profit,256,-83.0147829,42.24341286,Inactive,Yes
532,THE VILLAGE AT UNIVERSITY GATES,Waterloo Wellington,For-Profit,192,-80.57032185,43.476737899999996,Inactive,Yes
533,THE VILLAGE GREEN NURSING HOME,South East,For-Profit,66,-76.98430987,44.30037081,No Outbreak,No
534,THE VILLAGE OF ASPEN LAKE,Erie St. Clair,For-Profit,192,-82.92003167,42.31813568,Inactive,Yes
535,THE VILLAGE OF ERIN MEADOWS,Mississauga Halton,For-Profit,180,-79.72147048,43.55312755,Inactive,Yes
536,THE VILLAGE OF GLENDALE CROSSING,South West,For-Profit,192,-81.27180372,42.93894787,No Outbreak,No
537,THE VILLAGE OF HUMBER HEIGHTS,Central,For-Profit,192,-79.52690243,43.69710409,Inactive,Yes
538,THE VILLAGE OF RIVERSIDE GLEN,Waterloo Wellington,For-Profit,192,-80.27358416,43.56915803,Inactive,Yes
539,THE VILLAGE OF SANDALWOOD PARK,Central West,For-Profit,120,-79.7717325,43.74100870000001,Inactive,Yes
540,THE VILLAGE OF TANSLEY WOODS,Hamilton Niagara Haldimand Brant (Hnhb),For-Profit,144,-79.79950979,43.38367062,No Outbreak,No
541,THE VILLAGE OF TAUNTON MILLS,Central East,For-Profit,120,-78.95825897,43.91312705,Inactive,Yes
542,THE VILLAGE OF WENTWORTH HEIGHTS,Hamilton Niagara Haldimand Brant (Hnhb),For-Profit,120,-79.8734372,43.19832568,Inactive,Yes
543,THE VILLAGE OF WINSTON PARK,Waterloo Wellington,For-Profit,95,-80.49867572,43.41122949,Inactive,Yes
544,THE VILLAGE SENIORS COMMUNITY,South West,For-Profit,70,-81.03582166,44.15073139,No Outbreak,No
545,THE WELLINGTON NURSING HOME,Hamilton Niagara Haldimand Brant (Hnhb),For-Profit,102,-79.8796767,43.20948778,No Outbreak,No
546,THE WEST NIPISSING GENERAL HOSPITAL,North East,Non-Profit,48,-79.91782482,46.37244272,No Outbreak,No
547,THE WEXFORD,Central East,Non-Profit,166,-79.30345907,43.7439777,Inactive,Yes
548,THE WILLOWS ESTATE NURSING HOME,Central,For-Profit,84,-79.45862614,43.96549464,No Outbreak,No
549,THE WOODLANDS OF SUNSET,Hamilton Niagara Haldimand Brant (Hnhb),Municipal,121,-79.28534590000002,43.01741988,Inactive,Yes
550,THOMPSON HOUSE,Central,Non-Profit,136,-79.34677178,43.7324901,Inactive,Yes
551,THORNTONVIEW,Central East,For-Profit,154,-78.8922213,43.8859505,Inactive,Yes
552,TILBURY MANOR NURSING HOME,Erie St. Clair,For-Profit,75,-82.43044492,42.25877139,No Outbreak,No
553,TONY STACEY CENTRE FOR VETERANS' CARE,Central East,Non-Profit,100,-79.16339403,43.78323942,Inactive,Yes
554,TOWNSHIP OF OSGOODE CARE CENTRE,Champlain,Non-Profit,100,-75.50384886,45.22188813,No Outbreak,No
555,TRENT VALLEY LODGE,South East,For-Profit,102,-77.55773544,44.10291195,No Outbreak,No
556,TRILLIUM COURT,South West,For-Profit,40,-81.62055194,44.18149597,No Outbreak,No
557,TRILLIUM MANOR HOME FOR THE AGED,North Simcoe Muskoka,Municipal,122,-79.42526219,44.62900615,No Outbreak,No
558,TRILLIUM RETIREMENT AND CARE COMMUNITY,South East,For-Profit,190,-76.55202522,44.25040282,No Outbreak,No
559,TRILLIUM VILLA NURSING HOME,Erie St. Clair,For-Profit,152,-82.36358616,42.99848453,No Outbreak,No
560,TRINITY VILLAGE CARE CENTRE,Waterloo Wellington,Non-Profit,150,-80.4417755,43.4298142,Inactive,Yes
561,TRUE DAVIDSON ACRES,Toronto Central,Municipal,187,-79.29840606,43.6960602,Inactive,Yes
562,TSIIONKWANONHSOTE,Champlain,Non-Profit,50,-74.68694690000002,45.0031277,No Outbreak,No
563,TUFFORD NURSING HOME,Hamilton Niagara Haldimand Brant (Hnhb),For-Profit,64,-79.21839749,43.15938461,Inactive,Yes
564,TULLAMORE CARE COMMUNITY,Central West,For-Profit,159,-79.73603059999998,43.68480267,Inactive,Yes
565,TWIN LAKES TERRACE LONG TERM CARE COMMUNITY,Erie St. Clair,For-Profit,60,-82.36506926,43.00307673,No Outbreak,No
566,TWIN OAKS OF MARYHILL,Waterloo Wellington,For-Profit,31,-80.39357269,43.53642702,Inactive,Yes
567,TYNDALL NURSING HOME,Mississauga Halton,For-Profit,151,-79.62744866,43.62835307,No Outbreak,No
568,UKRAINIAN CANADIAN CARE CENTRE,Central,Non-Profit,152,-79.51869943,43.68434358,Active,Yes
569,UNION VILLA,Central,Non-Profit,160,-79.31443048,43.86143002,Inactive,Yes
570,UNITED MENNONITE HOME,Hamilton Niagara Haldimand Brant (Hnhb),Non-Profit,128,-79.38808084,43.15760750000001,No Outbreak,No
571,UPPER CANADA LODGE,Hamilton Niagara Haldimand Brant (Hnhb),Municipal,80,-79.0694642,43.25020429999999,No Outbreak,No
572,VALLEY MANOR NURSING HOME,Champlain,Non-Profit,90,-77.6878502,45.48637478,No Outbreak,No
573,VALLEY PARK LODGE,Hamilton Niagara Haldimand Brant (Hnhb),For-Profit,65,-79.10129525,43.0977475,No Outbreak,No
574,VALLEYVIEW HOME,South West,Municipal,136,-81.15985057,42.80412155,No Outbreak,No
575,VALLEYVIEW RESIDENCE,Central,Non-Profit,174,-79.44630321,43.77088320000001,Inactive,Yes
576,VERA M. DAVIS COMMUNITY CARE CENTRE,Central West,Non-Profit,64,-79.72446771,43.87348751,No Outbreak,No
577,VERMONT SQUARE,Toronto Central,For-Profit,130,-79.41276169,43.66830209,Inactive,Yes
578,VICTORIA GARDENS LONG TERM CARE,Hamilton Niagara Haldimand Brant (Hnhb),For-Profit,76,-79.8542586,43.25834859,No Outbreak,No
579,VICTORIA MANOR HOME FOR THE AGED,Central East,Municipal,166,-78.74399304,44.33869223,No Outbreak,No
580,VICTORIA VILLAGE MANOR,North Simcoe Muskoka,Non-Profit,128,-79.69850695,44.391121999999996,No Outbreak,No
581,VILLA COLOMBO HOMES FOR THE AGED,Central,Non-Profit,391,-79.45648501,43.71064079,Active,Yes
582,VILLA COLOMBO SENIORS CENTRE (VAUGHAN),Central,Non-Profit,160,79.631803,43.839618,Inactive,Yes
583,VILLA FORUM,Mississauga Halton,Non-Profit,160,-79.65152977,43.61180807,Inactive,Yes
584,VILLA LEONARDO GAMBIN,Central,Non-Profit,168,-79.57417395,43.7661994,Inactive,Yes
585,VILLA MARCONI,Champlain,Non-Profit,128,-75.72703304,45.36599844,Inactive,Yes
586,VILLA MINTO,North East,Non-Profit,33,-81.0205333,49.06971147,No Outbreak,No
587,VILLAGE ON THE RIDGE,Erie St. Clair,For-Profit,40,-81.88026626,42.43530685,No Outbreak,No
588,VISION '74 INC.,Erie St. Clair,Non-Profit,146,-82.40364827,42.96819132,Inactive,Yes
589,WARKWORTH PLACE,Central East,For-Profit,60,-77.89304385,44.19868555,No Outbreak,No
590,WATERS EDGE CARE COMMUNITY,North East,For-Profit,148,-79.44783366,46.27873103,Active,Yes
591,WATFORD QUALITY CARE CENTRE,Erie St. Clair,For-Profit,63,-81.88556091,42.95217584,No Outbreak,No
592,WELLESLEY CENTRAL PLACE,Toronto Central,Non-Profit,150,-79.37566588,43.66687279,Inactive,Yes
593,WELLINGTON HOUSE NURSING HOME,South East,For-Profit,60,-75.51915,44.71934,No Outbreak,No
594,WELLINGTON PARK CARE CENTRE,Hamilton Niagara Haldimand Brant (Hnhb),For-Profit,132,-79.81188229,43.33141191,No Outbreak,No
595,WELLINGTON TERRACE LONG-TERM CARE HOME,Waterloo Wellington,Municipal,176,-80.400755,43.696534,Inactive,Yes
596,WENTWORTH LODGE,Hamilton Niagara Haldimand Brant (Hnhb),Municipal,160,-79.94970123,43.25983089,Inactive,Yes
597,WESBURN MANOR,Mississauga Halton,Municipal,192,-79.56745924,43.64388927,No Outbreak,No
598,WEST LAKE TERRACE,South East,For-Profit,47,-77.25758022,43.92704133,No Outbreak,No
599,WEST OAK VILLAGE,Mississauga Halton,For-Profit,133,-79.75633228,43.44708343,Inactive,Yes
600,WEST PARK HEALTH CENTRE,Hamilton Niagara Haldimand Brant (Hnhb),For-Profit,101,-79.25086429999998,43.140947,Inactive,Yes
601,WEST PARK LONG TERM CARE CENTRE,Toronto Central,Non-Profit,200,-79.50788773,43.68933979,Inactive,Yes
602,WESTGATE LODGE NURSING HOME,South East,For-Profit,88,-77.40620279,44.14702066,No Outbreak,No
603,WESTMOUNT GARDENS LONG TERM CARE HOME,South West,For-Profit,160,-81.30566973,42.95042607,Inactive,Yes
604,WESTON TERRACE CARE COMMUNITY,Central,For-Profit,224,-79.51015143,43.70123959,Active,Yes
605,WESTSIDE,Central West,For-Profit,242,-79.56777145,43.73728579,Inactive,Yes
606,WIKWEMIKONG NURSING HOME,North East,Non-Profit,59,-81.72321194,45.80266553,Inactive,Yes
607,WILDWOOD CARE CENTRE,South West,For-Profit,60,-81.15463991,43.26076283,No Outbreak,No
608,WILKES TERRACE,North West,Non-Profit,22,-87.10460125,48.78045446,No Outbreak,No
609,"WILLIAM A. ""BILL"" GEORGE EXTENDED CARE FACILITY",North West,Non-Profit,20,-91.91875908,50.10591688,No Outbreak,No
610,WINBOURNE PARK,Central East,For-Profit,110,-79.0444691,43.87711914,Inactive,Yes
611,WOODBRIDGE VISTA CARE COMMUNITY,Central West,For-Profit,224,-79.59777826,43.75961009,Active,Yes
612,WOODHALL PARK CARE COMMUNITY,Central West,For-Profit,147,-79.78370712,43.72036028,Inactive,Yes
613,WOODINGFORD LODGE - INGERSOLL,South West,Municipal,34,-80.8764522,43.03178131,No Outbreak,No
614,WOODINGFORD LODGE - TILLSONBURG,South West,Municipal,34,-80.73465634,42.86207678,No Outbreak,No
615,WOODINGFORD LODGE - WOODSTOCK,South West,Municipal,160,-80.75668277,43.10811442,No Outbreak,No
616,WOODLAND VILLA,Champlain,For-Profit,111,-74.88721694,45.03376712,Inactive,Yes
617,WOODS PARK CARE CENTRE,North Simcoe Muskoka,For-Profit,123,-79.71672256,44.4026669,Inactive,Yes
618,WYNDHAM MANOR LONG TERM CARE CENTRE,Mississauga Halton,Non-Profit,128,-79.67269066,43.45245024,Inactive,Yes
619,YEE HONG CENTRE - MARKHAM,Central,Non-Profit,200,-79.23115846,43.89427733,Inactive,Yes
620,YEE HONG CENTRE - MISSISSAUGA,Mississauga Halton,Non-Profit,200,-79.68690548,43.60476896,Inactive,Yes
621,YEE HONG CENTRE - SCARBOROUGH FINCH,Central East,Non-Profit,250,-79.25466546,43.80871682,Inactive,Yes
622,YEE HONG CENTRE - SCARBOROUGH MCNICOLL,Central East,Non-Profit,155,-79.29021727,43.81423242,Inactive,Yes
623,YORK REGION MAPLE HEALTH CENTRE,Central,Municipal,100,-79.51564435,43.86500652,No Outbreak,No
624,YORK REGION NEWMARKET HEALTH CENTRE,Central,Municipal,132,-79.46877495,44.04550395,No Outbreak,No
