,index,facility_name,source_facility_type,odhf_facility_type,provider,unit,street_no,street_name,postal_code,city,province,source_format_str_address,CSDname,CSDuid,Pruid,latitude,longitude,facility_name_clean,Unnamed: 0,Beds,City,Confirmed Resident Cases,Confirmed Staff Cases,LTC Home,Resident Deaths,Status
0,2459.0,allendale,long-term care home,Nursing and residential care facilities,Province of Ontario,,185,ontario street s,L9T2M4,milton,on,,Milton,3524009.0,35.0,43.51655054,-79.87240973,allendale,1,200,Milton,,,Allendale,0,Inactive
1,2461.0,almonte country haven,long-term care home,Nursing and residential care facilities,Province of Ontario,,333,country street,K0A1A0,mississippi mills,on,,Mississippi Mills,3509030.0,35.0,45.2188403,-76.19075728,almonte country haven,0,82,Almonte,<5,13,Almonte Country Haven,28,Active
2,2466.0,altamont care community,long-term care home,Nursing and residential care facilities,Province of Ontario,,92,island road,M1C2P5,toronto,on,,Toronto,3520005.0,35.0,43.79854962,-79.14005432,altamont care community,1,159,Scarborough,72,60,Altamont Care Community,46,Active
3,2540.0,anson place care centre,long-term care home,Nursing and residential care facilities,Province of Ontario,,85,main street n,N0A1H0,hagersville,on,,Haldimand County,3528018.0,35.0,42.96738873,-80.04801284,anson place care centre,2,61,Hagersville,28,29,Anson Place Care Centre,23,Active
4,2554.0,arbour creek long-term care centre,long-term care home,Nursing and residential care facilities,Province of Ontario,,2717,king street e,L8G1J3,hamilton,on,,Hamilton,3525005.0,35.0,43.22141329,-79.77670807,arbour creek long-term care centre,3,129,Hamilton,0,<5,Arbour Creek Long-Term Care Centre,0,Active
5,2583.0,avalon retirement centre,long-term care home,Nursing and residential care facilities,Province of Ontario,,355,broadway avenue,L9W3Y3,orangeville,on,,Orangeville,3522014.0,35.0,43.9169995,-80.11650514,avalon retirement centre,4,137,Orangeville,0,<5,Avalon Retirement Centre,0,Active
6,2608.0,bay ridges,long-term care home,Nursing and residential care facilities,Province of Ontario,,900,sandy beach road,L1W1Z4,pickering,on,,Pickering,3518001.0,35.0,43.82847003,-79.0771309,bay ridges,2,124,Pickering,,,Bay Ridges,0,Inactive
7,2633.0,belmont house,retirement home,Nursing and residential care facilities,Province of Ontario,,55,belmont street,M5R1R1,toronto,on,,Toronto,3520005.0,35.0,43.67461349,-79.39106979,belmont house,3,140,Toronto,,,Belmont House,0,Inactive
8,2634.0,belmont long term care facility,long-term care home,Nursing and residential care facilities,Province of Ontario,,250,bridge street w,K8P5N3,belleville,on,,Belleville,3512005.0,35.0,44.16007616,-77.40393509,belmont long term care facility,4,128,Belleville,,,Belmont Long Term Care Facility,0,Inactive
9,2638.0,bendale acres,long-term care home,Nursing and residential care facilities,Province of Ontario,,2920,lawrence avenue e,M1P2T8,toronto,on,,Toronto,3520005.0,35.0,43.75493801,-79.25183955,bendale acres,5,302,Scarborough,0,0,Bendale Acres,0,Active
10,2640.0,berkshire care centre,long-term care home,Nursing and residential care facilities,Province of Ontario,,350,dougall avenue,N9A4P4,windsor,on,,Windsor,3537039.0,35.0,42.31631637,-83.04161991,berkshire care centre,6,231,Windsor,0,<5,Berkshire Care Centre,0,Active
11,2646.0,bethany lodge,long-term care home,Nursing and residential care facilities,Province of Ontario,,23,second street,L3R2C2,markham,on,,Markham,3519036.0,35.0,43.86204073,-79.30139068,bethany lodge,7,128,Markham,<5,<5,Bethany Lodge,<5,Active
12,2665.0,blackadar continuing care centre,long-term care home,Nursing and residential care facilities,Province of Ontario,,101,creighton road,L9H3B7,hamilton,on,,Hamilton,3525005.0,35.0,43.26120069,-79.96830854,blackadar continuing care centre,8,80,Dundas,<5,0,Blackadar Continuing Care Centre,0,Active
13,2675.0,blue water rest home,community support service,Ambulatory health care services,Province of Ontario,,37792,zurich-hensall road,N0M2T0,zurich,on,,Bluewater,3540010.0,35.0,43.41978964,-81.63774028,blue water rest home,9,65,Zurich,<5,0,Blue Water Rest Home,0,Active
14,2686.0,bonnechere manor,long-term care home,Nursing and residential care facilities,Province of Ontario,,470,albert street,K7V4L5,renfrew,on,,Renfrew,3547048.0,35.0,45.48345932,-76.70256458,bonnechere manor,10,180,Renfrew,0,<5,Bonnechere Manor,0,Active
15,2691.0,bradford valley care community,long-term care home,Nursing and residential care facilities,Province of Ontario,,2656,line 6,L3Z2A1,bradford west gwillimbury,on,,Bradford West Gwillimbury,3543014.0,35.0,44.09967975,-79.57244678,bradford valley care community,11,246,Bradford,<5,0,Bradford Valley Care Community,11,Active
16,2694.0,braemar retirement centre,long-term care home,Nursing and residential care facilities,Province of Ontario,,719,josephine street n,N0G2W0,wingham,on,,Morris-Turnberry,3540050.0,35.0,43.90065854,-81.30031372,braemar retirement centre,12,69,Wingham,0,0,Braemar Retirement Centre,0,Active
17,2740.0,brucelea haven long term care home - corporation of the county of bruce,long-term care home,Nursing and residential care facilities,Province of Ontario,,41,mcgivern street w,N0G2V0,walkerton,on,,Brockton,3541032.0,35.0,44.12121858,-81.15427199,brucelea haven long term care home - corporation of the county of bruce,13,144,Walkerton,0,<5,Brucelea Haven Long Term Care Home - Corporation of the County of Bruce,0,Active
18,2756.0,burton manor,long-term care home,Nursing and residential care facilities,Province of Ontario,,5,sterritt drive,L6Y5P3,brampton,on,,Brampton,3521010.0,35.0,43.66143557,-79.77341911,burton manor,14,128,Brampton,11,14,Burton Manor,8,Active
19,2768.0,camilla care community,long-term care home,Nursing and residential care facilities,Province of Ontario,,2250,hurontario street,L5B1M8,mississauga,on,,Mississauga,3521005.0,35.0,43.57311436,-79.60700205,camilla care community,15,236,Mississauga,152,44,Camilla Care Community,48,Active
20,2848.0,carefree lodge,long-term care home,Nursing and residential care facilities,Province of Ontario,,306,finch avenue e,M2N4S5,toronto,on,,Toronto,3520005.0,35.0,43.78501831,-79.3941154,carefree lodge,16,127,North York,<5,0,Carefree Lodge,0,Active
21,2858.0,caressant care courtland,long-term care home,Nursing and residential care facilities,Province of Ontario,,4850,highway 59,N0J1E0,courtland,on,,Norfolk County,3528052.0,35.0,42.83110128,-80.63239781,caressant care courtland,17,55,Courtland,0,<5,Caressant Care Courtland,0,Active
22,2859.0,caressant care fergus nursing home,long-term care home,Nursing and residential care facilities,Province of Ontario,,450,queen street e,N1M2Y7,fergus,on,,Centre Wellington,3523025.0,35.0,43.70904655,-80.36985870000001,caressant care fergus nursing home,5,87,Fergus,,,Caressant Care Fergus Nursing Home,0,Inactive
23,2860.0,caressant care lindsay nursing home,long-term care home,Nursing and residential care facilities,Province of Ontario,,240,mary street w,K9V5K5,kawartha lakes,on,,Kawartha Lakes,3516010.0,35.0,44.34327843,-78.75034644,caressant care lindsay nursing home,18,124,Lindsay,<5,<5,Caressant Care Lindsay Nursing Home,0,Active
24,2878.0,caressant care on bonnie place,long-term care home,Nursing and residential care facilities,Province of Ontario,,15,bonnie place,N5R5T8,saint thomas,on,,St. Thomas,3534021.0,35.0,42.77305945,-81.16165267,caressant care on bonnie place,6,116,St Thomas,,,Caressant Care on Bonnie Place,0,Inactive
25,2889.0,carlingview manor,long-term care home,Nursing and residential care facilities,Province of Ontario,,2330,carling avenue,K2B7H1,ottawa,on,,Ottawa,3506008.0,35.0,45.36711344,-75.77672586,carlingview manor,19,303,Ottawa,93,61,Carlingview Manor,39,Active
26,2898.0,case manor care community,long-term care home,Nursing and residential care facilities,Province of Ontario,,28,boyd street,K0M1A0,kawartha lakes,on,,Kawartha Lakes,3516010.0,35.0,44.54008478,-78.54103519,case manor care community,7,96,Bobcaygeon,,,Case Manor Care Community,0,Inactive
27,2900.0,cassellholme,long-term care home,Nursing and residential care facilities,Province of Ontario,,400,olive street,P1B6J4,north bay,on,,North Bay,3548044.0,35.0,46.31926603,-79.44608166,cassellholme,20,240,North Bay,<5,0,Cassellholme,0,Active
28,2903.0,castleview wychwood towers,long-term care home,Nursing and residential care facilities,Province of Ontario,,351,christie street,M6G3C3,toronto,on,,Toronto,3520005.0,35.0,43.67317759,-79.42178559999999,castleview wychwood towers,21,456,Toronto,0,<5,Castleview Wychwood Towers,0,Active
29,2918.0,cedarvale terrace,long-term care home,Nursing and residential care facilities,Province of Ontario,,429,walmer road,M5P2X9,toronto,on,,Toronto,3520005.0,35.0,43.68545859,-79.41242340000001,cedarvale terrace,22,218,Toronto,0,<5,Cedarvale Terrace,0,Active
30,2939.0,centre d'accueil champlain,long-term care home,Nursing and residential care facilities,Province of Ontario,,275,perrier avenue,K1L5C6,ottawa,on,,Ottawa,3506008.0,35.0,45.44308406,-75.66040993,centre d'accueil champlain,23,160,Vanier,0,<5,Centre d'Accueil Champlain,0,Active
31,2941.0,centre d'accueil roger seguin,long-term care home,Nursing and residential care facilities,Province of Ontario,,435,lemay street,K0A1N0,clarence creek,on,,Clarence-Rockland,3502036.0,35.0,45.51025689,-75.21616879,centre d'accueil roger seguin,8,113,Clarence Creek,,,Centre d'Accueil Roger Seguin,0,Inactive
32,2980.0,chartwell aurora long term care residence,long-term care home,Nursing and residential care facilities,Province of Ontario,,32,mill street,L4G2R9,aurora,on,,Aurora,3519046.0,35.0,43.99779774,-79.47131474,chartwell aurora long term care residence,24,235,Aurora,31,5,Chartwell Aurora Long Term Care Residence,11,Active
33,2983.0,chartwell ballycliffe long term care residence,long-term care home,Nursing and residential care facilities,Province of Ontario,,70,station street,L1S1R9,ajax,on,,Ajax,3518005.0,35.0,43.85095764,-79.02534179,chartwell ballycliffe long term care residence,25,100,Ajax,5,31,Chartwell Ballycliffe Long Term Care Residence,30,Active
34,3004.0,chartwell elmira long term care residence,long-term care home,Nursing and residential care facilities,Province of Ontario,,11,herbert street,N3B2B8,elmira,on,,Woolwich,3530035.0,35.0,43.60150562,-80.56368125,chartwell elmira long term care residence,9,48,Elmira,,,Chartwell Elmira Long Term Care Residence,0,Inactive
35,3009.0,chartwell gibson long term care residence,long-term care home,Nursing and residential care facilities,Province of Ontario,,1925,steeles avenue e,M2H2H3,toronto,on,,Toronto,3520005.0,35.0,43.80765981,-79.37379369,chartwell gibson long term care residence,26,202,North York,31,10,Chartwell Gibson Long Term Care Residence,9,Active
36,3047.0,chartwell pine grove long term care residence,long-term care home,Nursing and residential care facilities,Province of Ontario,,8403,islington avenue,L4L1X3,vaughan,on,,Vaughan,3519028.0,35.0,43.797729,-79.58431476,chartwell pine grove long term care residence,27,96,Woodbridge,0,<5,Chartwell Pine Grove Long Term Care Residence,0,Active
37,3102.0,chartwell waterford long term care residence,long-term care home,Nursing and residential care facilities,Province of Ontario,,2140,baronwood drive,L6M4V6,oakville,on,,Oakville,3524001.0,35.0,43.42715623,-79.76303438,chartwell waterford long term care residence,28,168,Oakville,<5,<5,Chartwell Waterford Long Term Care Residence,0,Active
38,3107.0,chartwell westbury long term care residence,long-term care home,Nursing and residential care facilities,Province of Ontario,,495,the west mall,M9C5S3,toronto,on,,Toronto,3520005.0,35.0,43.64832328,-79.56767874,chartwell westbury long term care residence,29,187,Etobicoke,61,23,Chartwell Westbury Long Term Care Residence,20,Active
39,3108.0,chartwell westmount long term care residence,long-term care home,Nursing and residential care facilities,Province of Ontario,,200,david bergey drive,N2E3Y4,kitchener,on,,Kitchener,3530013.0,35.0,43.40613299,-80.51775782,chartwell westmount long term care residence,30,160,Kitchener,<5,0,Chartwell Westmount Long Term Care Residence,0,Active
40,3112.0,chartwell white eagle long term care residence,long-term care home,Nursing and residential care facilities,Province of Ontario,,138,dowling avenue,M6K3A6,toronto,on,,Toronto,3520005.0,35.0,43.63717128,-79.4392265,chartwell white eagle long term care residence,31,56,Toronto,26,9,Chartwell White Eagle Long Term Care Residence,11,Active
41,3115.0,chartwell woodhaven long term care residence,long-term care home,Nursing and residential care facilities,Province of Ontario,,380,church street,L6B1E1,markham,on,,Markham,3519036.0,35.0,43.88586653,-79.23093356,chartwell woodhaven long term care residence,32,192,Markham,0,<5,Chartwell Woodhaven Long Term Care Residence,0,Active
42,3131.0,chelsey park,long-term care home,Nursing and residential care facilities,Province of Ontario,,310,oxford street w,N6H4N6,london,on,,London,3539036.0,35.0,42.98760838,-81.27670392,chelsey park,10,247,London,,,Chelsey Park,0,Inactive
43,3192.0,clarion nursing home,long-term care home,Nursing and residential care facilities,Province of Ontario,,337,hamilton regional road 8,L8G1E7,hamilton,on,,Hamilton,3525005.0,35.0,43.22037979,-79.72817146,clarion nursing home,11,100,Stoney Creek,,,Clarion Nursing Home,0,Inactive
44,3256.0,cooksville care centre,long-term care home,Nursing and residential care facilities,Province of Ontario,,55,the queensway w,L5B1B5,mississauga,on,,Mississauga,3521005.0,35.0,43.57334286,-79.60968605,cooksville care centre,33,192,Mississauga,40,17,Cooksville Care Centre,6,Active
45,3257.0,copernicus lodge,long-term care home,Nursing and residential care facilities,Province of Ontario,,66,roncesvalles avenue,M6R3A7,toronto,on,,Toronto,3520005.0,35.0,43.64020808,-79.447311,copernicus lodge,34,228,Toronto,0,<5,Copernicus Lodge,0,Active
46,3297.0,country village homes - woodslee,long-term care home,Nursing and residential care facilities,Province of Ontario,,440,essex road 8,N0R1V0,south woodslee,on,,Kingsville,3537013.0,35.0,42.172411100000005,-82.72129740000001,country village homes - woodslee,35,104,Woodslee,0,<5,Country Village Homes - Woodslee,18,Active
47,3322.0,craiglee nursing home,long-term care home,Nursing and residential care facilities,Province of Ontario,,102,craiglee drive,M1N2M7,toronto,on,,Toronto,3520005.0,35.0,43.706865,-79.25329325,craiglee nursing home,36,169,Scarborough,<5,7,Craiglee Nursing Home,<5,Active
48,3342.0,cummer lodge,long-term care home,Nursing and residential care facilities,Province of Ontario,,205,cummer avenue,M2M2E8,toronto,on,,Toronto,3520005.0,35.0,43.78816171,-79.4075617,cummer lodge,37,391,North York,<5,0,Cummer Lodge,<5,Active
49,3379.0,dom lipa,long-term care home,Nursing and residential care facilities,Province of Ontario,,52,neilson drive,M9C1V7,toronto,on,,Toronto,3520005.0,35.0,43.62949697,-79.56513824,dom lipa,12,66,Etobicoke,,,Dom Lipa,0,Inactive
50,3390.0,douglas h. rapelje lodge,long-term care home,Nursing and residential care facilities,Province of Ontario,,277,plymouth road,L3B6E3,welland,on,,Welland,3526032.0,35.0,42.97774267,-79.24618498,douglas h. rapelje lodge,13,120,Welland,,,Douglas H. Rapelje Lodge,0,Inactive
51,3393.0,downsview long term care centre,long-term care home,Nursing and residential care facilities,Province of Ontario,,3595,keele street,M3J1M7,toronto,on,,Toronto,3520005.0,35.0,43.7511842,-79.48559573,downsview long term care centre,38,252,North York,35,71,Downsview Long Term Care Centre,23,Active
52,3401.0,dufferin oaks,long-term care home,Nursing and residential care facilities,Province of Ontario,,151,centre street,L9V3R7,shelburne,on,,Shelburne,3522021.0,35.0,44.07675832,-80.20035498,dufferin oaks,39,160,Shelburne,<5,6,Dufferin Oaks,<5,Active
53,3408.0,dundurn place care centre,long-term care home,Nursing and residential care facilities,Province of Ontario,,39,mary street,L8R3L8,hamilton,on,,Hamilton,3525005.0,35.0,43.25642639,-79.86394320000001,dundurn place care centre,40,201,Hamilton,6,<5,Dundurn Place Care Centre,<5,Active
54,3416.0,eagle terrace,long-term care home,Nursing and residential care facilities,Province of Ontario,,329,eagle street,L3Y1K3,newmarket,on,,Newmarket,3519048.0,35.0,44.04894845,-79.46340434,eagle terrace,41,70,Newmarket,<5,<5,Eagle Terrace,<5,Active
55,3418.0,earls court village,long-term care home,Nursing and residential care facilities,Province of Ontario,,1390,highbury avenue n,N5Y0B6,london,on,,London,3539036.0,35.0,43.02686099,-81.21868721,earls court village,42,128,London,9,8,Earls Court Village,<5,Active
56,3432.0,eatonville care centre,long-term care home,Nursing and residential care facilities,Province of Ontario,,420,the east mall,M9B3Z9,toronto,on,,Toronto,3520005.0,35.0,43.64760318,-79.56046144,eatonville care centre,43,247,Etobicoke,142,56,Eatonville Care Centre,40,Active
57,3441.0,ehatare nursing home,long-term care home,Nursing and residential care facilities,Province of Ontario,,40,old kingston road,M1E3J5,toronto,on,,Toronto,3520005.0,35.0,43.77551412,-79.18320493,ehatare nursing home,14,32,Scarborough,,,Ehatare Nursing Home,0,Inactive
58,3452.0,elm grove living centre,long-term care home,Nursing and residential care facilities,Province of Ontario,,35,elm grove avenue,M6K2J2,toronto,on,,Toronto,3520005.0,35.0,43.64031588,-79.4307008,elm grove living centre,45,126,Toronto,44,43,Elm Grove Living Centre,17,Active
59,3453.0,elmwood place,long-term care home,Nursing and residential care facilities,Province of Ontario,,46,elmwood place,N6J1J2,london,on,,London,3539036.0,35.0,42.96948268,-81.26521352,elmwood place,46,90,London,<5,<5,Elmwood Place,0,Active
60,3470.0,erin mills lodge nursing home,long-term care home,Nursing and residential care facilities,Province of Ontario,,2132,dundas street w,L5K2K7,mississauga,on,,Mississauga,3521005.0,35.0,43.53474615,-79.66736096,erin mills lodge nursing home,47,86,Mississauga,29,22,Erin Mills Lodge Nursing Home,16,Active
61,3486.0,exeter villa,long-term care home,Nursing and residential care facilities,Province of Ontario,,155,john street e,N0M1S1,exeter,on,,South Huron,3540005.0,35.0,43.34653763,-81.47441712,exeter villa,48,47,Exeter,0,<5,Exeter Villa,0,Active
62,3487.0,extendicare bayview,long-term care home,Nursing and residential care facilities,Province of Ontario,,550,cummer avenue,M2K2M2,toronto,on,,Toronto,3520005.0,35.0,43.79341251,-79.3906724,extendicare bayview,49,205,North York,60,13,Extendicare Bayview,8,Active
63,3488.0,extendicare brampton,long-term care home,Nursing and residential care facilities,Province of Ontario,,7891,mclaughlin road,L6Y5H8,brampton,on,,Brampton,3521010.0,35.0,43.65536347,-79.7356338,extendicare brampton,50,150,Brampton,13,<5,Extendicare Brampton,<5,Active
64,3491.0,extendicare guildwood,long-term care home,Nursing and residential care facilities,Province of Ontario,,60,guildwood parkway,M1E1N9,toronto,on,,Toronto,3520005.0,35.0,43.74686311,-79.20313123,extendicare guildwood,51,169,Scarborough,36,12,Extendicare Guildwood,7,Active
65,3499.0,extendicare lakefield,long-term care home,Nursing and residential care facilities,Province of Ontario,,19,fraser street,K0L2H0,harcourt,on,,Selwyn,3515015.0,35.0,44.42419477,-78.28153509999999,extendicare lakefield,15,100,Lakefield,,,Extendicare Lakefield,0,Inactive
66,3500.0,extendicare laurier manor,long-term care home,Nursing and residential care facilities,Province of Ontario,,1715,montreal road,K1J6N4,ottawa,on,,Ottawa,3506008.0,35.0,45.44640676,-75.61084101,extendicare laurier manor,52,242,Gloucester,10,33,Extendicare Laurier Manor,22,Active
67,3502.0,extendicare maple view of sault ste. marie,long-term care home,Nursing and residential care facilities,Province of Ontario,,650,northern avenue,P6B4J3,sault ste marie,on,,Sault Ste. Marie,3557061.0,35.0,46.5350635,-84.30335325,extendicare maple view of sault ste. marie,53,256,Sault Ste. Marie,<5,0,Extendicare Maple View of Sault Ste. Marie,0,Active
68,3506.0,extendicare oshawa,long-term care home,Nursing and residential care facilities,Province of Ontario,,82,park road n,L1J4L1,oshawa,on,,Oshawa,3518013.0,35.0,43.89733765,-78.87514724,extendicare oshawa,54,175,Oshawa,<5,0,Extendicare Oshawa,0,Active
69,3510.0,extendicare rouge valley,long-term care home,Nursing and residential care facilities,Province of Ontario,,551,conlins road,M1B5S1,toronto,on,,Toronto,3520005.0,35.0,43.80332132,-79.18867764,extendicare rouge valley,16,192,Toronto,,,Extendicare Rouge Valley,0,Inactive
70,3511.0,extendicare scarborough,long-term care home,Nursing and residential care facilities,Province of Ontario,,3830,lawrence avenue e,M1G1R6,toronto,on,,Toronto,3520005.0,35.0,43.76375641,-79.21012454,extendicare scarborough,55,154,Scarborough,11,8,Extendicare Scarborough,<5,Active
71,3512.0,extendicare southwood lakes,long-term care home,Nursing and residential care facilities,Province of Ontario,,1255,north talbot road,N9G3A4,windsor,on,,Windsor,3537039.0,35.0,42.24130106,-82.97743668,extendicare southwood lakes,56,150,Windsor,0,<5,Extendicare Southwood Lakes,0,Active
72,3514.0,extendicare starwood,long-term care home,Nursing and residential care facilities,Province of Ontario,,114,starwood road,K2G3N5,ottawa,on,,Ottawa,3506008.0,35.0,45.35366004,-75.75058715,extendicare starwood,17,192,Nepean,,,Extendicare Starwood,0,Inactive
73,3516.0,extendicare timmins,long-term care home,Nursing and residential care facilities,Province of Ontario,,62,st-jean avenue,P4R0A6,timmins,on,,Timmins,3556027.0,35.0,48.47746467,-81.37922804,extendicare timmins,57,180,Timmins,<5,0,Extendicare Timmins,0,Active
74,3519.0,extendicare west end villa,long-term care home,Nursing and residential care facilities,Province of Ontario,,2179,elmira drive,K2C3S1,ottawa,on,,Ottawa,3506008.0,35.0,45.35438354,-75.77592346,extendicare west end villa,58,242,Ottawa,0,<5,Extendicare West End Villa,0,Active
75,3520.0,extendicare york,long-term care home,Nursing and residential care facilities,Province of Ontario,,333,york street,P3E5J3,sudbury,on,,Greater Sudbury / Grand Sudbury,3553005.0,35.0,46.47514368,-81.00771419,extendicare york,18,288,Sudbury,,,Extendicare York,0,Inactive
76,3531.0,fairview lodge,long-term care home,Nursing and residential care facilities,Province of Ontario,,632,dundas street w,L1N5S3,whitby,on,,Whitby,3518009.0,35.0,43.87912064,-78.95110927,fairview lodge,59,198,Whitby,0,<5,Fairview Lodge,0,Active
77,3539.0,faith manor nursing home,long-term care home,Nursing and residential care facilities,Province of Ontario,,7900,mclaughlin road s,L6Y5A7,brampton,on,,Brampton,3521010.0,35.0,43.65401717,-79.74139890000001,faith manor nursing home,60,120,Brampton,<5,<5,Faith Manor Nursing Home,0,Active
78,3560.0,finlandia hoivakoti nursing home,long-term care home,Nursing and residential care facilities,Province of Ontario,,233,fourth avenue,P3B4C3,sudbury,on,,Greater Sudbury / Grand Sudbury,3553005.0,35.0,46.48424888,-80.92711026,finlandia hoivakoti nursing home,61,112,Sudbury,0,<5,Finlandia Hoivakoti Nursing Home,0,Active
79,3566.0,forest heights,long-term care home,Nursing and residential care facilities,Province of Ontario,,60,westheights drive,N2N2A8,kitchener,on,,Kitchener,3530013.0,35.0,43.42864339,-80.52997973,forest heights,62,240,Kitchener,166,59,Forest Heights,46,Active
80,3577.0,fountain view care community,long-term care home,Nursing and residential care facilities,Province of Ontario,,1800,oconnor drive,M4A1W7,toronto,on,,Toronto,3520005.0,35.0,43.7205599,-79.30496586,fountain view care community,63,158,East York,0,<5,Fountain View Care Community,0,Active
81,3590.0,franklin gardens long term care home,long-term care home,Nursing and residential care facilities,Province of Ontario,,24,franklin road,N8H4B7,leamington,on,,Leamington,3537003.0,35.0,42.03083044,-82.59816325,franklin gardens long term care home,64,120,Leamington,<5,<5,Franklin Gardens Long Term Care Home,0,Active
82,3598.0,fudger house,long-term care home,Nursing and residential care facilities,Province of Ontario,,439,sherbourne street,M4X1K6,toronto,on,,Toronto,3520005.0,35.0,43.66633069,-79.37402148,fudger house,65,250,Toronto,<5,0,Fudger House,0,Active
83,3600.0,garden city manor,long-term care home,Nursing and residential care facilities,Province of Ontario,,168,scott street,L2N1H2,st catharines,on,,St. Catharines,3526053.0,35.0,43.18091791,-79.2490312,garden city manor,66,200,St. Catharines,<5,0,Garden City Manor,0,Active
84,3602.0,garden terrace,long-term care home,Nursing and residential care facilities,Province of Ontario,,100,aird place,K2L4H8,ottawa,on,,Ottawa,3506008.0,35.0,45.30976033,-75.90097929999999,garden terrace,67,160,Kanata,0,<5,Garden Terrace,<5,Active
85,3605.0,gardenview long term care home,long-term care home,Nursing and residential care facilities,Province of Ontario,,72,town centre drive,N0A1S0,townsend,on,,Haldimand County,3528018.0,35.0,42.88836551,-80.14081206,gardenview long term care home,68,64,Townsend,0,0,Gardenview Long Term Care Home,0,Active
86,3607.0,garry j. armstrong home,long-term care home,Nursing and residential care facilities,Province of Ontario,,200,island lodge road,K1N5M2,ottawa,on,,Ottawa,3506008.0,35.0,45.43785466,-75.68321333,garry j. armstrong home,19,180,Ottawa,,,Garry J. Armstrong Home,0,Inactive
87,3637.0,glen hill strathaven,long-term care home,Nursing and residential care facilities,Province of Ontario,,264,king street e,L1C1P9,bowmanville,on,,Clarington,3518017.0,35.0,43.91212066,-78.67361278,glen hill strathaven,69,210,Bowmanville,<5,0,Glen Hill Strathaven,0,Active
88,3646.0,golden dawn nursing home,long-term care home,Nursing and residential care facilities,Province of Ontario,,80,main street,N0H1W0,lions head,on,,Northern Bruce Peninsula,3541069.0,35.0,44.98706902,-81.25537981,golden dawn nursing home,70,45,Lion's Head,<5,0,Golden Dawn Nursing Home,0,Active
89,3648.0,golden manor,long-term care home,Nursing and residential care facilities,Province of Ontario,,481,melrose boulevard,P4N5H3,timmins,on,,Timmins,3556027.0,35.0,48.48606627,-81.34352493,golden manor,71,177,Timmins,<5,0,Golden Manor,0,Active
90,3653.0,golden years nursing home,long-term care home,Nursing and residential care facilities,Province of Ontario,,704,eagle street n,N3H4T3,cambridge,on,,Cambridge,3530010.0,35.0,43.4042795,-80.35454667,golden years nursing home,72,88,Cambridge,0,<5,Golden Years Nursing Home,0,Active
91,3667.0,grace manor,long-term care home,Nursing and residential care facilities,Province of Ontario,,45,kingknoll drive,L6Y5P2,brampton,on,,Brampton,3521010.0,35.0,43.65294337,-79.74143790000001,grace manor,73,120,Brampton,42,25,Grace Manor,11,Active
92,3668.0,grace villa nursing home,long-term care home,Nursing and residential care facilities,Province of Ontario,,45,lockton crescent,L8V4V5,hamilton,on,,Hamilton,3525005.0,35.0,43.21147629,-79.84709659,grace villa nursing home,74,184,Hamilton,0,<5,Grace Villa Nursing Home,0,Active
93,3696.0,greenwood court,long-term care home,Nursing and residential care facilities,Province of Ontario,,90,greenwood drive,N5A7W5,stratford,on,,Stratford,3531011.0,35.0,43.38294686,-80.97615776,greenwood court,20,45,Stratford,,,Greenwood Court,<5,Inactive
94,3742.0,hallowell house,long-term care home,Nursing and residential care facilities,Province of Ontario,,13628,loyalist parkway prince,K0K2T0,edward,on,,Prince Edward County,3513020.0,35.0,43.99421064,-77.1810053,hallowell house,21,97,Picton,,,Hallowell House,0,Inactive
95,3789.0,hampton terrace care centre,long-term care home,Nursing and residential care facilities,Province of Ontario,,75,plains road w,L7T1E8,burlington,on,,Burlington,3524002.0,35.0,43.3054339,-79.8554984,hampton terrace care centre,22,101,Burlington,,,Hampton Terrace Care Centre,0,Inactive
96,3802.0,harold and grace baker centre,retirement home,Nursing and residential care facilities,Province of Ontario,,1,northwestern avenue,M6M2J7,toronto,on,,Toronto,3520005.0,35.0,43.69821459,-79.46978092,harold and grace baker centre,75,120,Toronto,8,17,Harold and Grace Baker Centre,13,Active
97,3808.0,hastings manor home for the aged,long-term care home,Nursing and residential care facilities,Province of Ontario,,476,dundas street w,K8N5B2,belleville,on,,Belleville,3512005.0,35.0,44.14751276,-77.41249679,hastings manor home for the aged,76,253,Belleville,6,5,Hastings Manor Home for the Aged,<5,Active
98,3812.0,hawthorne place care centre,long-term care home,Nursing and residential care facilities,Province of Ontario,,2045,finch avenue w,M3N1M9,toronto,on,,Toronto,3520005.0,35.0,43.7562352,-79.52146844,hawthorne place care centre,77,269,North York,45,77,Hawthorne Place Care Centre,31,Active
99,3836.0,hellenic home - scarborough,long-term care home,Nursing and residential care facilities,Province of Ontario,,2411,lawrence avenue e,M1P4X1,toronto,on,,Toronto,3520005.0,35.0,43.74876471,-79.27408486,hellenic home - scarborough,78,128,Scarborough,44,21,Hellenic Home - Scarborough,14,Active
100,3841.0,henley place,long-term care home,Nursing and residential care facilities,Province of Ontario,,1961,cedarhollow boulevard,N5X0K2,london,on,,London,3539036.0,35.0,43.04540679,-81.21472021,henley place,79,192,London,<5,0,Henley Place,0,Active
101,3844.0,heritage green nursing home,long-term care home,Nursing and residential care facilities,Province of Ontario,,353,isaac brock drive,L8J2J3,hamilton,on,,Hamilton,3525005.0,35.0,43.19352179,-79.78959737,heritage green nursing home,80,167,Stoney Creek,0,0,Heritage Green Nursing Home,<5,Active
102,3853.0,heron terrace long term care community,long-term care home,Nursing and residential care facilities,Province of Ontario,,11550,mcnorton street,N8P1T9,windsor,on,,Windsor,3537039.0,35.0,42.31721678,-82.89932307,heron terrace long term care community,81,140,Windsor,46,14,Heron Terrace Long Term Care Community,23,Active
103,3865.0,hillsdale terraces,long-term care home,Nursing and residential care facilities,Province of Ontario,,600,oshawa boulevard n,L1G5T9,oshawa,on,,Oshawa,3518013.0,35.0,43.91500165,-78.86454214,hillsdale terraces,23,200,Oshawa,,,Hillsdale Terraces,13,Inactive
104,3867.0,hillside manor,long-term care home,Nursing and residential care facilities,Province of Ontario,,5066,perth east line 34,N5A6S6,stratford,on,,Perth East,3531030.0,35.0,43.424534200000004,-81.09831679999999,hillside manor,24,90,Stratford,,,Hillside Manor,0,Inactive
105,3872.0,hogarth riverview manor,long-term care home,Nursing and residential care facilities,Province of Ontario,,300,lillie street,P7C4Y7,thunder bay,on,,Thunder Bay,3558004.0,35.0,48.38712316,-89.27025117,hogarth riverview manor,82,543,Thunder Bay,0,<5,Hogarth Riverview Manor,0,Active
106,3938.0,humber valley terrace,long-term care home,Nursing and residential care facilities,Province of Ontario,,95,humber college boulevard,M9V5B5,toronto,on,,Toronto,3520005.0,35.0,43.72717599,-79.59650396,humber valley terrace,83,158,Etobicoke (Rexdale),46,18,Humber Valley Terrace,9,Active
107,3976.0,idlewyld manor,long-term care home,Nursing and residential care facilities,Province of Ontario,,449,sanatorium road,L9C2A7,hamilton,on,,Hamilton,3525005.0,35.0,43.23618909,-79.91485732,idlewyld manor,84,192,Hamilton,<5,0,Idlewyld Manor,0,Active
108,3979.0,ina grafton gage home,long-term care home,Nursing and residential care facilities,Province of Ontario,,40,bell estate road,M1L0E2,toronto,on,,Toronto,3520005.0,35.0,43.705765,-79.27714255,ina grafton gage home,85,128,Scarborough,43,30,Ina Grafton Gage Home,26,Active
109,3992.0,ioof seniors home,long-term care home,Nursing and residential care facilities,Province of Ontario,,10,brooks street,L4N5L3,barrie,on,,Barrie,3543042.0,35.0,44.3686217,-79.68736455,ioof seniors home,25,182,Barrie,,,IOOF Seniors Home,0,Inactive
110,3997.0,isabel and arthur meighen manor,long-term care home,Nursing and residential care facilities,Province of Ontario,,155,millwood road,M4S1J6,toronto,on,,Toronto,3520005.0,35.0,43.70000099,-79.39254279,isabel and arthur meighen manor,86,168,Toronto,61,45,Isabel and Arthur Meighen Manor,42,Active
111,4002.0,ivan franko home (etobicoke),long-term care home,Nursing and residential care facilities,Province of Ontario,,767,royal york road,M8Y2T3,toronto,on,,Toronto,3520005.0,35.0,43.63771778,-79.50673762,ivan franko home (etobicoke),87,85,Toronto,0,<5,Ivan Franko Home (Etobicoke),0,Active
112,4057.0,kensington village,long-term care home,Nursing and residential care facilities,Province of Ontario,,1340,huron street,N5V3R3,london,on,,London,3539036.0,35.0,43.02140839,-81.21450391,kensington village,88,78,London,<5,<5,Kensington Village,5,Active
113,4090.0,kipling acres,long-term care home,Nursing and residential care facilities,Province of Ontario,,2233,kipling avenue,M9W4L3,toronto,on,,Toronto,3520005.0,35.0,43.72574509,-79.57339555,kipling acres,89,337,Etobicoke,53,11,Kipling Acres,13,Active
114,4099.0,kristus darzs latvian home,long-term care home,Nursing and residential care facilities,Province of Ontario,,11290,pine valley drive,L4L1A6,vaughan,on,,Vaughan,3519028.0,35.0,43.87156441,-79.59579547,kristus darzs latvian home,90,100,Woodbridge,21,17,Kristus Darzs Latvian Home,7,Active
115,4104.0,labdara lithuanian nursing home,long-term care home,Nursing and residential care facilities,Province of Ontario,,5,resurrection road,M9A5G1,toronto,on,,Toronto,3520005.0,35.0,43.64373408,-79.53092513,labdara lithuanian nursing home,26,90,Etobicoke,,,Labdara Lithuanian Nursing Home,0,Inactive
116,4132.0,lakeshore lodge,long-term care home,Nursing and residential care facilities,Province of Ontario,,3197,lake shore boulevard w,M8V3X5,toronto,on,,Toronto,3520005.0,35.0,43.59721667,-79.51845532,lakeshore lodge,91,150,Etobicoke,41,17,Lakeshore Lodge,11,Active
117,4136.0,lakeview manor,long-term care home,Nursing and residential care facilities,Province of Ontario,,133,main street,L0K1A0,beaverton,on,,Brock,3518039.0,35.0,44.42747763,-79.16356588,lakeview manor,27,149,Beaverton,,,Lakeview Manor,0,Inactive
118,4139.0,lambton meadowview villa,long-term care home,Nursing and residential care facilities,Province of Ontario,,3958,petrolia line,N0N1R0,petrolia,on,,Enniskillen,3538016.0,35.0,42.88448582,-82.16482359,lambton meadowview villa,28,125,Petrolia,,,Lambton Meadowview Villa,0,Inactive
119,4143.0,lanark heights long term care centre,long-term care home,Nursing and residential care facilities,Province of Ontario,,46,lanark crescent,N2N2Z8,kitchener,on,,Kitchener,3530013.0,35.0,43.42436319,-80.53544803,lanark heights long term care centre,92,160,Kitchener,<5,<5,Lanark Heights Long Term Care Centre,<5,Active
120,4173.0,leamington mennonite home long term care residence,long-term care home,Nursing and residential care facilities,Province of Ontario,,35,pickwick drive,N8H4X5,leamington,on,,Leamington,3537003.0,35.0,42.04374165,-82.59059485,leamington mennonite home long term care residence,93,84,Leamington,0,<5,Leamington Mennonite Home Long Term Care Residence,0,Active
121,4232.0,macassa lodge,long-term care home,Nursing and residential care facilities,Province of Ontario,,701,upper sherman avenue,L8V3M7,hamilton,on,,Hamilton,3525005.0,35.0,43.22567639,-79.84867319,macassa lodge,29,270,Hamilton,,,Macassa Lodge,0,Inactive
122,4241.0,mackenzie place,long-term care home,Nursing and residential care facilities,Province of Ontario,,52,george street,L3Y4V3,newmarket,on,,Newmarket,3519048.0,35.0,44.05748695,-79.47891695,mackenzie place,94,93,Newmarket,66,21,MacKenzie Place,11,Active
123,4244.0,madonna care community,long-term care home,Nursing and residential care facilities,Province of Ontario,,1541,saint joseph boulevard,K1C7L3,ottawa,on,,Ottawa,3506008.0,35.0,45.46043427,-75.559988,madonna care community,95,160,Orleans,52,41,Madonna Care Community,33,Active
124,4246.0,main street terrace,long-term care home,Nursing and residential care facilities,Province of Ontario,,77,main street,M4E2V6,toronto,on,,Toronto,3520005.0,35.0,43.68160949,-79.29859826,main street terrace,96,150,Toronto,<5,0,Main Street Terrace,0,Active
125,4255.0,malton village long term care centre,long-term care home,Nursing and residential care facilities,Province of Ontario,,7075,rexwood road,L4T4M1,mississauga,on,,Mississauga,3521005.0,35.0,43.71847959,-79.62437147,malton village long term care centre,97,160,Mississauga,<5,<5,Malton Village Long Term Care Centre,0,Active
126,4272.0,manoir marochel,long-term care home,Nursing and residential care facilities,Province of Ontario,,949,montreal road,K1K0S6,ottawa,on,,Ottawa,3506008.0,35.0,45.44785486,-75.62821042,manoir marochel,98,64,Ottawa,29,15,Manoir Marochel,7,Active
127,4288.0,maple view,long-term care home,Nursing and residential care facilities,Province of Ontario,,1029,4 avenue w,N4K4W1,owen sound,on,,Owen Sound,3542059.0,35.0,44.56743597,-80.94905687,maple view,30,29,Owen Sound,,,Maple View,0,Inactive
128,4294.0,maplewood,long-term care home,Nursing and residential care facilities,Province of Ontario,,12,maplewood avenue,K0K1H0,brighton,on,,Brighton,3514004.0,35.0,44.039652600000004,-77.74441359999999,maplewood,99,49,Brighton,<5,0,Maplewood,0,Active
129,4325.0,markhaven,long-term care home,Nursing and residential care facilities,Province of Ontario,,54,parkway avenue,L3P2G4,markham,on,,Markham,3519036.0,35.0,43.88371943,-79.25422906,markhaven,100,96,Markham,9,16,Markhaven,17,Active
130,4338.0,maynard nursing home,long-term care home,Nursing and residential care facilities,Province of Ontario,,28,halton street,M6J1R3,toronto,on,,Toronto,3520005.0,35.0,43.64880888,-79.4191815,maynard nursing home,101,77,Toronto,0,0,Maynard Nursing Home,0,Active
131,4339.0,mccall centre long term care interim unit,long-term care home,Nursing and residential care facilities,Province of Ontario,,140,sherway drive,M9C1A4,toronto,on,,Toronto,3520005.0,35.0,43.61006437,-79.56210244,mccall centre long term care interim unit,31,21,Etobicoke,,,McCall Centre Long Term Care Interim Unit,0,Inactive
132,4349.0,meadow park (london),long-term care home,Nursing and residential care facilities,Province of Ontario,,1210,southdale road e,N6E1B4,london,on,,London,3539036.0,35.0,42.94667847,-81.20205190000001,meadow park (london),102,126,London,<5,8,Meadow Park (London),<5,Active
133,4388.0,midland gardens care community,long-term care home,Nursing and residential care facilities,Province of Ontario,,130,midland avenue,M1N4E6,toronto,on,,Toronto,3520005.0,35.0,43.708358600000004,-79.24749635,midland gardens care community,103,299,Scarborough,21,8,Midland Gardens Care Community,<5,Active
134,4395.0,miramichi lodge,long-term care home,Nursing and residential care facilities,Province of Ontario,,725,pembroke street w,K8A8S6,pembroke,on,,Pembroke,3547064.0,35.0,45.82684776,-77.13017355,miramichi lodge,32,166,Pembroke,,,Miramichi Lodge,0,Inactive
135,4411.0,moira place long-term care home,long-term care home,Nursing and residential care facilities,Province of Ontario,,415,river street w,K0K3J0,tweed,on,,Tweed,3512030.0,35.0,44.47111572,-77.31915479,moira place long-term care home,33,128,Tweed,,,Moira Place Long-Term Care Home,0,Inactive
136,4416.0,mon sheong home for the aged,long-term care home,Nursing and residential care facilities,Province of Ontario,,36,darcy street,M5T1J7,toronto,on,,Toronto,3520005.0,35.0,43.65527498,-79.39314779,mon sheong home for the aged,104,105,Toronto,23,16,Mon Sheong Home for the Aged,32,Active
137,4421.0,montfort,long-term care home,Nursing and residential care facilities,Province of Ontario,,705,montreal road,K1K0M9,ottawa,on,,Ottawa,3506008.0,35.0,45.44672936,-75.64059562,montfort,105,128,Ottawa,63,18,Montfort,27,Active
138,4432.0,mount hope centre for long term care,long-term care home,Nursing and residential care facilities,Province of Ontario,,21,grosvenor street,N6A1Y6,london,on,,London,3539036.0,35.0,42.99894988,-81.25634222,mount hope centre for long term care,34,394,London,,,Mount Hope Centre for Long Term Care,0,Inactive
139,4550.0,north park nursing home,long-term care home,Nursing and residential care facilities,Province of Ontario,,450,rustic road,M6L1W9,toronto,on,,Toronto,3520005.0,35.0,43.71741799,-79.48214652,north park nursing home,106,75,North York,0,<5,North Park Nursing Home,0,Active
140,4599.0,northridge,long-term care home,Nursing and residential care facilities,Province of Ontario,,496,postridge drive,L6H7A2,oakville,on,,Oakville,3524001.0,35.0,43.48960334,-79.71426817,northridge,35,133,Oakville,,,Northridge,0,Inactive
141,4603.0,northview nursing home,long-term care home,Nursing and residential care facilities,Province of Ontario,,77,river road,P0J1H0,englehart,on,,Englehart,3554052.0,35.0,47.8219425,-79.8655049,northview nursing home,107,48,Englehart,<5,0,Northview Nursing Home,0,Active
142,4608.0,norview lodge,long-term care home,Nursing and residential care facilities,Province of Ontario,,44,rob blake way,N3Y4L8,simcoe,on,,Norfolk County,3528052.0,35.0,42.8372838,-80.33304111,norview lodge,36,179,Simcoe,,,Norview Lodge,0,Inactive
143,4610.0,norwood nursing home,long-term care home,Nursing and residential care facilities,Province of Ontario,,122,tyndall avenue,M6K2E2,toronto,on,,Toronto,3520005.0,35.0,43.63752278,-79.4293819,norwood nursing home,108,60,Toronto,<5,<5,Norwood Nursing Home,0,Active
144,4671.0,orchard villa,long-term care home,Nursing and residential care facilities,Province of Ontario,,1955,valley farm road,L1V3R6,pickering,on,,Pickering,3518001.0,35.0,43.84623863,-79.0826885,orchard villa,109,233,Pickering,74,<5,Orchard Villa,69,Active
145,4685.0,owen hill care community,long-term care home,Nursing and residential care facilities,Province of Ontario,,130,owen street,L4M3H7,barrie,on,,Barrie,3543042.0,35.0,44.3951391,-79.69019855,owen hill care community,110,57,Barrie,14,10,Owen Hill Care Community,6,Active
146,4711.0,parkview manor health care centre,long-term care home,Nursing and residential care facilities,Province of Ontario,,98,3 street s,N0G1L0,chesley,on,,Arran-Elderslie,3541043.0,35.0,44.298319899999996,-81.091335,parkview manor health care centre,111,34,Chesley,<5,0,Parkview Manor Health Care Centre,0,Active
147,4734.0,peel manor,long-term care home,Nursing and residential care facilities,Province of Ontario,,525,main street n,L6X1N9,brampton,on,,Brampton,3521010.0,35.0,43.69999507,-79.78142981,peel manor,112,177,Brampton,<5,6,Peel Manor,<5,Active
148,4746.0,peoplecare a.r. goudie kitchener,long-term care home,Nursing and residential care facilities,Province of Ontario,,369,frederick street,N2H2P1,kitchener,on,,Kitchener,3530013.0,35.0,43.4564955,-80.47446971,peoplecare a.r. goudie kitchener,113,80,Kitchener,<5,13,peopleCare A.R. Goudie Kitchener,9,Active
149,4747.0,peoplecare hilltop manor cambridge,long-term care home,Nursing and residential care facilities,Province of Ontario,,42,elliott street,N1R2J2,cambridge,on,,Cambridge,3530010.0,35.0,43.35352749,-80.30996865,peoplecare hilltop manor cambridge,114,185,Cambridge,0,<5,peopleCare Hilltop Manor Cambridge,0,Active
150,4748.0,peoplecare oakcrossing london,long-term care home,Nursing and residential care facilities,Province of Ontario,,1242,oakcrossing road,N6H0G2,london,on,,London,3539036.0,35.0,42.99044098,-81.31277543,peoplecare oakcrossing london,115,160,London,0,<5,peopleCare Oakcrossing London,0,Active
151,4763.0,peter d. clark centre,long-term care home,Nursing and residential care facilities,Province of Ontario,,9,meridian place,K2G6P8,ottawa,on,,Ottawa,3506008.0,35.0,45.34293864,-75.76125205,peter d. clark centre,116,216,Ottawa,5,5,Peter D. Clark Centre,<5,Active
152,4784.0,pinecrest (plantagenet),long-term care home,Nursing and residential care facilities,Province of Ontario,,101,parent street,K0B1L0,plantagenet,on,,Alfred and Plantagenet,3502023.0,35.0,45.5420141,-74.99812112,pinecrest (plantagenet),117,60,Plantagenet,24,5,Pinecrest (Plantagenet),9,Active
153,4787.0,pinecrest nursing home (bobcaygeon),long-term care home,Nursing and residential care facilities,Province of Ontario,,3418,kawartha lakes county road 36,K0M1A0,little britain,on,,Kawartha Lakes,3516010.0,35.0,44.52836508,-78.53389679,pinecrest nursing home (bobcaygeon),118,65,Bobcaygeon,33,32,Pinecrest Nursing Home (Bobcaygeon),29,Active
154,4790.0,pinehaven nursing home,long-term care home,Nursing and residential care facilities,Province of Ontario,,229,lexington road,N2K2E1,waterloo,on,,Waterloo,3530016.0,35.0,43.492695399999995,-80.51167673,pinehaven nursing home,37,84,Waterloo,,,Pinehaven Nursing Home,0,Inactive
155,4815.0,post inn village,long-term care home,Nursing and residential care facilities,Province of Ontario,,203,georgian drive,L6H7H9,oakville,on,,Oakville,3524001.0,35.0,43.48026034,-79.71675247,post inn village,119,228,Oakville,<5,<5,Post Inn Village,0,Active
156,4842.0,providence healthcare,chronic care,Nursing and residential care facilities,Public Health Agency of Canada,,3276,st clair ave e,M1L1W1,toronto,on,3276 st. clair ave. e. toronto on m1l 1w1,Toronto,3520005.0,35.0,43.712205100000006,-79.28502950000001,providence healthcare,38,288,Scarborough,,,Providence Healthcare,<5,Inactive
157,4843.0,providence manor,long-term care home,Nursing and residential care facilities,Province of Ontario,,275,sydenham street,K7K1G7,kingston,on,,Kingston,3510010.0,35.0,44.23553812,-76.48546340000001,providence manor,39,243,Kingston,,,Providence Manor,0,Inactive
158,4888.0,reachview village,long-term care home,Nursing and residential care facilities,Province of Ontario,,130,reach street,L9P1L3,uxbridge,on,,Uxbridge,3518029.0,35.0,44.10408728,-79.11189924,reachview village,120,100,Uxbridge,6,8,ReachView Village,<5,Active
159,4907.0,regina gardens,long-term care home,Nursing and residential care facilities,Province of Ontario,,536,upper paradise road,L9C5E3,hamilton,on,,Hamilton,3525005.0,35.0,43.23102399,-79.91358922,regina gardens,121,128,Hamilton,0,<5,Regina Gardens,0,Active
160,5029.0,river glen haven nursing home,long-term care home,Nursing and residential care facilities,Province of Ontario,,160,high street,L0E1R0,georgina,on,,Georgina,3519070.0,35.0,44.30394879999999,-79.36171604,river glen haven nursing home,123,119,Sutton West,35,18,River Glen Haven Nursing Home,5,Active
161,5042.0,riverside place,long-term care home,Nursing and residential care facilities,Province of Ontario,,3181,meadowbrook lane,N8T0A4,windsor,on,,Windsor,3537039.0,35.0,42.29910898,-82.92755457,riverside place,124,96,Windsor,0,<5,Riverside Place,0,Active
162,5045.0,riverview manor nursing home,long-term care home,Nursing and residential care facilities,Province of Ontario,,1155,water street,K9H3P8,peterborough,on,,Peterborough,3515014.0,35.0,44.33636205,-78.3150222,riverview manor nursing home,40,124,Peterborough,,,Riverview Manor Nursing Home,0,Inactive
163,5051.0,rockcliffe care community,long-term care home,Nursing and residential care facilities,Province of Ontario,,3015,lawrence avenue e,M1P2V7,toronto,on,,Toronto,3520005.0,35.0,43.75467751,-79.24789355,rockcliffe care community,125,204,Scarborough,0,<5,Rockcliffe Care Community,0,Active
164,5056.0,rosebridge manor,long-term care home,Nursing and residential care facilities,Province of Ontario,,131,roses bridge road,K0G1G0,jasper,on,,Merrickville-Wolford,3507052.0,35.0,44.84219285,-75.89019625,rosebridge manor,41,78,Jasper,,,Rosebridge Manor,0,Inactive
165,5078.0,royal rose place,long-term care home,Nursing and residential care facilities,Province of Ontario,,635,prince charles drive n,L3C0C7,welland,on,,Welland,3526032.0,35.0,43.00162217,-79.26928669,royal rose place,126,96,Welland,<5,<5,Royal Rose Place,17,Active
166,5079.0,royal terrace,long-term care home,Nursing and residential care facilities,Province of Ontario,,600,whites road,N0G2P0,palmerston,on,,Minto,3523043.0,35.0,43.83992155,-80.84393637,royal terrace,42,67,Palmerston,,,Royal Terrace,0,Inactive
167,5111.0,saint luke's place,senior active living centre,Nursing and residential care facilities,Province of Ontario,,1624,franklin boulevard,N3C3P4,cambridge,on,,Cambridge,3530010.0,35.0,43.4253246,-80.31029116,saint luke's place,43,114,Cambridge,,,Saint Luke's Place,0,Inactive
168,5205.0,seven oaks,long-term care home,Nursing and residential care facilities,Province of Ontario,,9,neilson road,M1E5E1,toronto,on,,Toronto,3520005.0,35.0,43.78117732,-79.20432774,seven oaks,127,249,Scarborough,24,21,Seven Oaks,40,Active
169,5213.0,shalom manor long term care home,long-term care home,Nursing and residential care facilities,Province of Ontario,,12,bartlett avenue,L3M4N5,grimsby,on,,Grimsby,3526065.0,35.0,43.1869815,-79.52455129,shalom manor long term care home,44,144,Grimsby,,,Shalom Manor Long Term Care Home,0,Inactive
170,5220.0,shelburne long term care home,long-term care home,Nursing and residential care facilities,Province of Ontario,,200,robert street,L9V3S1,shelburne,on,,Shelburne,3522021.0,35.0,44.08301872,-80.20421248,shelburne long term care home,128,60,Shelburne,19,18,Shelburne Long Term Care Home,18,Active
171,5222.0,shepherd lodge,long-term care home,Nursing and residential care facilities,Province of Ontario,,3760,sheppard avenue e,M1T3K9,toronto,on,,Toronto,3520005.0,35.0,43.78271331,-79.29413397,shepherd lodge,45,252,Toronto,,,Shepherd Lodge,0,Inactive
172,5227.0,sherbourne place,long-term care home,Nursing and residential care facilities,Province of Ontario,,345,sherbourne street,M5A2S3,toronto,on,,Toronto,3520005.0,35.0,43.66267759,-79.37266528,sherbourne place,129,126,Toronto,38,26,Sherbourne Place,18,Active
173,5229.0,sheridan villa,long-term care home,Nursing and residential care facilities,Province of Ontario,,2460,truscott drive,L5J3Z8,mississauga,on,,Mississauga,3521005.0,35.0,43.51060205,-79.64829886,sheridan villa,130,142,Mississauga,10,7,Sheridan Villa,<5,Active
174,5230.0,sherwood court long term care centre,long-term care home,Nursing and residential care facilities,Province of Ontario,,300,ravineview drive,L6A3P8,vaughan,on,,Vaughan,3519028.0,35.0,43.88950162,-79.51877245,sherwood court long term care centre,131,96,Maple,0,<5,Sherwood Court Long Term Care Centre,0,Active
175,5272.0,silverthorn care community,long-term care home,Nursing and residential care facilities,Province of Ontario,,4350,mississauga road,L5M7C8,mississauga,on,,Mississauga,3521005.0,35.0,43.56232545,-79.68858187,silverthorn care community,132,160,Mississauga,0,<5,Silverthorn Care Community,0,Active
176,5317.0,south centennial manor,long-term care home,Nursing and residential care facilities,Province of Ontario,,240,fyfe street,P0K1E0,iroquois falls,on,,Iroquois Falls,3556031.0,35.0,48.76584185,-80.68247105,south centennial manor,133,69,Iroquois Falls,<5,0,South Centennial Manor,0,Active
177,5375.0,southlake residential care village,long-term care home,Nursing and residential care facilities,Province of Ontario,,640,grace street,L3Y2P6,newmarket,on,,Newmarket,3519048.0,35.0,44.05931585,-79.45092944,southlake residential care village,134,224,Newmarket,0,<5,Southlake Residential Care Village,0,Active
178,5381.0,spencer house,long-term care home,Nursing and residential care facilities,Province of Ontario,,835,west ridge boulevard,L3V8B3,orillia,on,,Orillia,3543052.0,35.0,44.60314495,-79.45390869,spencer house,46,160,Orillia,,,Spencer House,0,Inactive
179,5388.0,sprucedale care centre,long-term care home,Nursing and residential care facilities,Province of Ontario,,96,kittridge avenue e,N7G2A8,strathroy,on,,Strathroy-Caradoc,3539015.0,35.0,42.96355986,-81.62413493,sprucedale care centre,47,96,Strathroy,,,Sprucedale Care Centre,0,Inactive
180,5395.0,st. andrew's terrace long term care community,long-term care home,Nursing and residential care facilities,Province of Ontario,,255,st andrews street,N1S1P1,cambridge,on,,Cambridge,3530010.0,35.0,43.34600049,-80.32871446,st. andrew's terrace long term care community,48,128,Cambridge,,,St. Andrew's Terrace Long Term Care Community,0,Inactive
181,5401.0,st. clair o'connor community nursing home,long-term care home,Nursing and residential care facilities,Province of Ontario,,2701,saint clair avenue e,M4B3M3,toronto,on,,Toronto,3520005.0,35.0,43.7056131,-79.31276747,st. clair o'connor community nursing home,135,25,East York,6,<5,St. Clair O'Connor Community Nursing Home,8,Active
182,5408.0,st. gabriel's villa of sudbury,long-term care home,Nursing and residential care facilities,Province of Ontario,,4690,regional road 15,P0M1L0,sudbury,on,,Greater Sudbury / Grand Sudbury,3553005.0,35.0,46.575821000000005,-81.183418,st. gabriel's villa of sudbury,136,128,Chelmsford,0,<5,St. Gabriel's Villa of Sudbury,0,Active
183,5409.0,st. george care community,long-term care home,Nursing and residential care facilities,Province of Ontario,,225,st george street,M5R2M2,toronto,on,,Toronto,3520005.0,35.0,43.67253289,-79.40161649,st. george care community,137,238,Toronto,0,<5,St. George Care Community,0,Active
184,5415.0,st. joseph's at fleming,long-term care home,Nursing and residential care facilities,Province of Ontario,,659,brealey drive,K9K2R8,peterborough,on,,Peterborough,3515014.0,35.0,44.26877564,-78.36982641,st. joseph's at fleming,138,200,Peterborough,<5,<5,St. Joseph's at Fleming,0,Active
185,5420.0,st. joseph's continuing care centre,long-term care home,Nursing and residential care facilities,Province of Ontario,,14,york street,K6J5T2,cornwall,on,,Cornwall,3501012.0,35.0,45.01462532,-74.73145128,st. joseph's continuing care centre,139,150,Cornwall,0,<5,St. Joseph's Continuing Care Centre,0,Active
186,5440.0,st. joseph's lifecare centre,community support service,Ambulatory health care services,Province of Ontario,,99,wayne gretzky parkway,N3S6T6,brantford,on,,Brantford,3529006.0,35.0,43.14553416,-80.23530631,st. joseph's lifecare centre,49,205,Brantford,,,St. Joseph's Lifecare Centre,0,Inactive
187,5444.0,"st. joseph's villa, sudbury",long-term care home,Nursing and residential care facilities,Province of Ontario,,1250,south bay road,P3E6L9,sudbury,on,,Greater Sudbury / Grand Sudbury,3553005.0,35.0,46.46661488,-80.96677167,"st. joseph's villa, sudbury",51,128,Sudbury,,,"St. Joseph's Villa, Sudbury",<5,Inactive
188,5469.0,st. patrick's home,long-term care home,Nursing and residential care facilities,Province of Ontario,,2865,riverside drive,K1V8N5,ottawa,on,,Ottawa,3506008.0,35.0,45.36947155,-75.68903093,st. patrick's home,140,288,Ottawa,9,<5,St. Patrick's Home,0,Active
189,5479.0,stirling heights,long-term care home,Nursing and residential care facilities,Province of Ontario,,200,stirling macgregor drive,N1S5B7,cambridge,on,,Cambridge,3530010.0,35.0,43.33915669,-80.33371706,stirling heights,52,110,Cambridge,,,Stirling Heights,0,Inactive
190,5487.0,stoneridge manor,long-term care home,Nursing and residential care facilities,Province of Ontario,,256,high street,K7C1X1,carleton place,on,,Carleton Place,3509028.0,35.0,45.13580539,-76.15419976,stoneridge manor,141,60,Carleton Place,52,<5,Stoneridge Manor,6,Active
191,5502.0,sumac lodge,long-term care home,Nursing and residential care facilities,Province of Ontario,,1464,blackwell road,N7S5M4,sarnia,on,,Sarnia,3538030.0,35.0,43.01031973,-82.34671616,sumac lodge,53,100,Sarnia,,,Sumac Lodge,0,Inactive
192,5506.0,sun parlor home for senior citizens,long-term care home,Nursing and residential care facilities,Province of Ontario,,175,talbot street e,N8H1L9,leamington,on,,Leamington,3537003.0,35.0,42.05585245,-82.58946575,sun parlor home for senior citizens,143,206,Leamington,<5,<5,Sun Parlor Home for Senior Citizens,<5,Active
193,5519.0,sunnycrest nursing home,long-term care home,Nursing and residential care facilities,Province of Ontario,,1635,dundas street e,L1N2K9,whitby,on,,Whitby,3518009.0,35.0,43.88695065,-78.90906825,sunnycrest nursing home,144,136,Whitby,<5,0,Sunnycrest Nursing Home,0,Active
194,5549.0,tall pines long term care centre,long-term care home,Nursing and residential care facilities,Province of Ontario,,1001,peter robertson boulevard,L6R2Y3,brampton,on,,Brampton,3521010.0,35.0,43.75057309,-79.74244701,tall pines long term care centre,145,160,Brampton,<5,<5,Tall Pines Long Term Care Centre,0,Active
195,5556.0,telfer place,retirement home,Nursing and residential care facilities,Province of Ontario,,245,grand river street n,N3L3V8,brant,on,,Brant,3529005.0,35.0,43.20739846,-80.38649816,telfer place,146,45,Paris,<5,0,Telfer Place,0,Active
196,5559.0,temiskaming lodge,long-term care home,Nursing and residential care facilities,Province of Ontario,,100,bruce street,P0J1K0,temiskaming shores,on,,Temiskaming Shores,3554020.0,35.0,47.438790000000004,-79.63082324,temiskaming lodge,147,83,Haileybury,<5,<5,Temiskaming Lodge,0,Active
197,5560.0,tendercare living centre,long-term care home,Nursing and residential care facilities,Province of Ontario,,1020,mcnicoll avenue,M1W2J6,toronto,on,,Toronto,3520005.0,35.0,43.80577041,-79.33598338,tendercare living centre,54,254,Scarborough,,,Tendercare Living Centre,<5,Inactive
198,5624.0,the henley house,long-term care home,Nursing and residential care facilities,Province of Ontario,,20,ernest street,L2N7T2,st catharines,on,,St. Catharines,3526053.0,35.0,43.18492631,-79.2578661,the henley house,148,160,St. Catharines,0,0,The Henley House,0,Active
199,5628.0,the jewish home for the aged,long-term care home,Nursing and residential care facilities,Province of Ontario,,3560,bathurst street,M6A2E1,toronto,on,,Toronto,3520005.0,35.0,43.7300765,-79.43421181,the jewish home for the aged,149,472,North York,<5,6,The Jewish Home for the Aged,<5,Active
200,5631.0,the kensington gardens,long-term care home,Nursing and residential care facilities,Province of Ontario,,25,brunswick avenue,M5S2L9,toronto,on,,Toronto,3520005.0,35.0,43.65819899,-79.40343829,the kensington gardens,150,350,Toronto,14,5,The Kensington Gardens,8,Active
201,5646.0,the o'neill centre,long-term care home,Nursing and residential care facilities,Province of Ontario,,33,christie street,M6G3B1,toronto,on,,Toronto,3520005.0,35.0,43.66476219,-79.4186887,the o'neill centre,151,162,Toronto,<5,<5,The O'Neill Centre,0,Active
202,5662.0,the perley and rideau veterans' health centre,long-term care home,Nursing and residential care facilities,Province of Ontario,,1750,russell road,K1G5Z6,ottawa,on,,Ottawa,3506008.0,35.0,45.40374035,-75.63671562,the perley and rideau veterans' health centre,152,450,Ottawa,9,16,The Perley and Rideau Veterans' Health Centre,8,Active
203,5699.0,the village at st. clair,long-term care home,Nursing and residential care facilities,Province of Ontario,,1800,talbot road,N9H0E3,windsor,on,,Windsor,3537039.0,35.0,42.24341286,-83.0147829,the village at st. clair,153,256,Windsor,0,<5,The Village at St. Clair,0,Active
204,5700.0,the village at university gates,long-term care home,Nursing and residential care facilities,Province of Ontario,,250,laurelwood drive,N2J0E2,waterloo,on,,Waterloo,3530016.0,35.0,43.476737899999996,-80.57032185,the village at university gates,154,192,Waterloo,0,<5,The Village at University Gates,0,Active
205,5704.0,the village of erin meadows,long-term care home,Nursing and residential care facilities,Province of Ontario,,2930,erin centre boulevard,L5M7M4,mississauga,on,,Mississauga,3521005.0,35.0,43.55312755,-79.72147048,the village of erin meadows,155,180,Mississauga,43,21,The Village of Erin Meadows,9,Active
206,5706.0,the village of humber heights,long-term care home,Nursing and residential care facilities,Province of Ontario,,2245,lawrence avenue w,M9P3W3,toronto,on,,Toronto,3520005.0,35.0,43.69710409,-79.52690243,the village of humber heights,156,192,Etobicoke,20,9,The Village of Humber Heights,6,Active
207,5707.0,the village of riverside glen,retirement home,Nursing and residential care facilities,Province of Ontario,,60,woodlawn road e,N1H8M8,guelph,on,,Guelph,3523008.0,35.0,43.56915803,-80.27358416,the village of riverside glen,157,192,Guelph,0,<5,The Village of Riverside Glen,0,Active
208,5711.0,the village of wentworth heights,retirement home,Nursing and residential care facilities,Province of Ontario,,1620,upper wentworth street,L9B2W3,hamilton,on,,Hamilton,3525005.0,35.0,43.19832568,-79.8734372,the village of wentworth heights,158,120,Hamilton,0,<5,The Village of Wentworth Heights,0,Active
209,5712.0,the village of winston park,long-term care home,Nursing and residential care facilities,Province of Ontario,,695,block line road,N2E3K1,kitchener,on,,Kitchener,3530013.0,35.0,43.41122949,-80.49867572,the village of winston park,159,95,Kitchener,<5,0,The Village of Winston Park,0,Active
210,5723.0,the wexford,long-term care home,Nursing and residential care facilities,Province of Ontario,,1860,lawrence avenue e,M1R5B1,toronto,on,,Toronto,3520005.0,35.0,43.7439777,-79.30345907,the wexford,55,166,Scarborough,,,The Wexford,0,Inactive
211,5729.0,the woodlands of sunset,long-term care home,Nursing and residential care facilities,Province of Ontario,,920,pelham street,L3C1Y5,welland,on,,Pelham,3526028.0,35.0,43.01741988,-79.28534590000001,the woodlands of sunset,56,121,Welland,,,The Woodlands of Sunset,0,Inactive
212,5764.0,tony stacey centre for veterans' care,long-term care home,Nursing and residential care facilities,Province of Ontario,,59,lawson road,M1C2J1,toronto,on,,Toronto,3520005.0,35.0,43.78323942,-79.16339403,tony stacey centre for veterans' care,160,100,Toronto,<5,0,Tony Stacey Centre for Veterans' Care,0,Active
213,5809.0,trinity village care centre,long-term care home,Nursing and residential care facilities,Province of Ontario,,2727,kingsway drive,N2C1A7,kitchener,on,,Kitchener,3530013.0,35.0,43.4298142,-80.4417755,trinity village care centre,161,150,Kitchener,29,38,Trinity Village Care Centre,14,Active
214,5826.0,twin oaks of maryhill,long-term care home,Nursing and residential care facilities,Province of Ontario,,1360,maryhill road,N0B2B0,maryhill,on,,Woolwich,3530035.0,35.0,43.53642702,-80.39357269,twin oaks of maryhill,162,31,Maryhill,0,<5,Twin Oaks of Maryhill,0,Active
215,5830.0,ukrainian canadian care centre,long-term care home,Nursing and residential care facilities,Province of Ontario,,60,richview road,M9A5E4,toronto,on,,Toronto,3520005.0,35.0,43.68434358,-79.51869943,ukrainian canadian care centre,163,152,Etobicoke,25,<5,Ukrainian Canadian Care Centre,<5,Active
216,5834.0,union villa,long-term care home,Nursing and residential care facilities,Province of Ontario,,4300,highway 7,L3R1L8,markham,on,,Markham,3519036.0,35.0,43.86143002,-79.31443048,union villa,164,160,Unionville,0,<5,Union Villa,0,Active
217,5877.0,valleyview residence,long-term care home,Nursing and residential care facilities,Province of Ontario,,541,finch avenue w,M2R3Y3,toronto,on,,Toronto,3520005.0,35.0,43.77088320000001,-79.44630321,valleyview residence,165,174,North York,<5,<5,Valleyview Residence,<5,Active
218,5880.0,vermont square,long-term care home,Nursing and residential care facilities,Province of Ontario,,914,bathurst street,M5R3G5,toronto,on,,Toronto,3520005.0,35.0,43.66830209,-79.41276169,vermont square,166,130,Toronto,<5,<5,Vermont Square,0,Active
219,5911.0,villa colombo homes for the aged,long-term care home,Nursing and residential care facilities,Province of Ontario,,40,playfair avenue,M6B2P9,toronto,on,,Toronto,3520005.0,35.0,43.71064079,-79.45648501,villa colombo homes for the aged,167,391,Toronto,9,11,Villa Colombo Homes for the Aged,<5,Active
220,5912.0,villa colombo seniors centre (vaughan),long-term care home,Nursing and residential care facilities,Province of Ontario,,10443,highway 27,L0J1C0,vaughan,on,,Vaughan,,35.0,43.839618,79.631803,villa colombo seniors centre (vaughan),168,160,Vaughan,24,16,Villa Colombo Seniors Centre (Vaughan),11,Active
221,5916.0,villa forum,long-term care home,Nursing and residential care facilities,Province of Ontario,,175,forum drive,L4Z4E5,mississauga,on,,Mississauga,3521005.0,35.0,43.61180807,-79.65152977,villa forum,169,160,Mississauga,37,20,Villa Forum,10,Active
222,5919.0,villa leonardo gambin,long-term care home,Nursing and residential care facilities,Province of Ontario,,40,friuli court,L4L9T3,vaughan,on,,Vaughan,3519028.0,35.0,43.7661994,-79.57417395,villa leonardo gambin,170,168,Woodbridge,31,23,Villa Leonardo Gambin,11,Active
223,5920.0,villa marconi,long-term care home,Nursing and residential care facilities,Province of Ontario,,1026,baseline road,K2C0A6,ottawa,on,,Ottawa,3506008.0,35.0,45.36599844,-75.72703304,villa marconi,57,128,Ottawa,,,Villa Marconi,0,Inactive
224,5931.0,vision nursing home,long-term care home,Nursing and residential care facilities,Province of Ontario,,229,wellington street,N7T1G9,sarnia,on,,Sarnia,3538030.0,35.0,42.96819132,-82.40364827,vision nursing home,171,146,Sarnia,5,<5,Vision Nursing Home,<5,Active
225,5994.0,wellesley central place,long-term care home,Nursing and residential care facilities,Province of Ontario,,160,wellesley street e,M4Y1J2,toronto,on,,Toronto,3520005.0,35.0,43.66687279,-79.37566588,wellesley central place,172,150,Toronto,43,21,Wellesley Central Place,16,Active
226,5999.0,wellington terrace long-term care home,long-term care home,Nursing and residential care facilities,Province of Ontario,,474,wellington road 18,N1M0A1,fergus,on,,Centre Wellington,3523025.0,35.0,43.696534,-80.400755,wellington terrace long-term care home,58,176,Fergus,,,Wellington Terrace Long-Term Care Home,0,Inactive
227,6003.0,wentworth lodge,long-term care home,Nursing and residential care facilities,Province of Ontario,,41,south street w,L9H4C4,hamilton,on,,Hamilton,3525005.0,35.0,43.25983089,-79.94970123,wentworth lodge,173,160,Dundas,0,0,Wentworth Lodge,0,Active
228,6004.0,wesburn manor,long-term care home,Nursing and residential care facilities,Province of Ontario,,400,the west mall,M9C5S1,toronto,on,,Toronto,3520005.0,35.0,43.64388927,-79.56745924,wesburn manor,174,192,Etobicoke,<5,0,Wesburn Manor,0,Active
229,6025.0,west park long term care centre,long-term care home,Nursing and residential care facilities,Province of Ontario,,82,buttonwood avenue,M6M2J5,toronto,on,,Toronto,3520005.0,35.0,43.68933979,-79.50788773,west park long term care centre,175,200,Toronto,57,31,West Park Long Term Care Centre,20,Active
230,6038.0,weston terrace care community,long-term care home,Nursing and residential care facilities,Province of Ontario,,2005,lawrence avenue w,M9N3V4,toronto,on,,Toronto,3520005.0,35.0,43.70123959,-79.51015143,weston terrace care community,176,224,Toronto,42,29,Weston Terrace Care Community,13,Active
231,6040.0,westside,long-term care home,Nursing and residential care facilities,Province of Ontario,,1145,albion road,M9V4J7,toronto,on,,Toronto,3520005.0,35.0,43.73728579,-79.56777145,westside,59,242,Etobicoke,,,Westside,<5,Inactive
232,6046.0,wikwemikong nursing home,long-term care home,Nursing and residential care facilities,Province of Ontario,,2281,wikwemikong way,P0P2J0,wikwemikong,on,,Wikwemikong Unceded,3551043.0,35.0,45.80266553,-81.72321194,wikwemikong nursing home,177,59,Wikwemikong,<5,0,Wikwemikong Nursing Home,0,Active
233,6066.0,winbourne park,long-term care home,Nursing and residential care facilities,Province of Ontario,,1020,westney road n,L1T4K6,ajax,on,,Ajax,3518005.0,35.0,43.87711914,-79.0444691,winbourne park,60,110,Ajax,,,Winbourne Park,0,Inactive
234,6091.0,woodbridge vista care community,long-term care home,Nursing and residential care facilities,Province of Ontario,,5400,steeles avenue w,L4L9S1,vaughan,on,,Vaughan,3519028.0,35.0,43.75961009,-79.59777826,woodbridge vista care community,178,224,Woodbridge,<5,<5,Woodbridge Vista Care Community,0,Active
235,6098.0,woodland villa,long-term care home,Nursing and residential care facilities,Province of Ontario,,30,mille roches road,K0C1P0,long sault,on,,South Stormont,3501011.0,35.0,45.03376712,-74.88721694,woodland villa,179,111,Long Sault,<5,0,Woodland Villa,0,Active
236,6100.0,woods park care centre,long-term care home,Nursing and residential care facilities,Province of Ontario,,110,lillian crescent,L4N5H7,barrie,on,,Barrie,3543042.0,35.0,44.4026669,-79.71672256,woods park care centre,61,123,Barrie,,,Woods Park Care Centre,0,Inactive
237,6109.0,yee hong centre - markham,community support service,Ambulatory health care services,Province of Ontario,,2780,bur oak avenue,L6B1C9,markham,on,,Markham,3519036.0,35.0,43.89427733,-79.23115846,yee hong centre - markham,62,200,Markham,,,Yee Hong Centre - Markham,0,Inactive
238,6112.0,yee hong centre - scarborough mcnicoll,long-term care home,Nursing and residential care facilities,Province of Ontario,,2311,mcnicoll avenue,M1V5L3,toronto,on,,Toronto,3520005.0,35.0,43.81423242,-79.29021727,yee hong centre - scarborough mcnicoll,63,155,Scarborough,,,Yee Hong Centre - Scarborough McNicoll,0,Inactive
239,,,,,,,,,,,,,,,,,,lisabeth-bruyre residence,44,71,Ottawa,10,<5,lisabeth-Bruyre Residence,5,Active
240,,,,,,,,,,,,,,,,,,residence saint-louis,122,198,Ottawa,21,17,Residence Saint-Louis,<5,Active
241,,,,,,,,,,,,,,,,,,strathcona long term care,142,87,Mount Forest,0,<5,Strathcona Long Term Care,0,Active
242,,,,,,,,,,,,,,,,,,"albright gardens homes, incorporated",0,231,Beamsville,,,"Albright Gardens Homes, Incorporated",0,Inactive
243,,,,,,,,,,,,,,,,,,"st. joseph's villa, dundas",50,425,Dundas,,,"St. Joseph's Villa, Dundas",0,Inactive
